RR_Location,RR_Latitude,RR_Longitude,Station_ID,Station_Name,Station_Address,Station_City,Station_State,Station_Zip,Station_Latitude,Station_Longitude,Distance,Unleaded_Regular_Price,Unleaded_Plus_Price,Unleaded_Premium_Price,Diesel_Regular_Price,Brand,Phone,Excellent_Price,Current_Price,Transaction_Time,Transaction_Time_Ms,API_Updated,API_Updated_Time,API_Station_ID
"Road Ranger #118 - Springfield, IL",39.8304811,-89.5842419,"ROAD RANGER 118|3752 Camp Butler Rd., Springfield, IL 62707|Springfield","ROAD RANGER 118|3752 Camp Butler Rd., Springfield, IL 62707|Springfield","3752 Camp Butler Rd., Springfield, IL 62707",Springfield,IL,,39.8304811,-89.5842419,0.0,2.779,3.479,3.829,3.699,ROAD RANGER,,False,False,,,Yes,2026-02-24T01:59:52.729252+00:00,
"Road Ranger #132 - Champaign, IL",40.17769,-88.240499,"ROAD RANGER 132|4910 Market St., Champaign, IL 61821|Champaign","ROAD RANGER 132|4910 Market St., Champaign, IL 61821|Champaign","4910 Market St., Champaign, IL 61821",Champaign,IL,,40.17769,-88.240499,0.0,2.699,3.299,3.749,3.799,ROAD RANGER,,False,False,,,Yes,2026-02-24T01:59:52.729280+00:00,
"Road Ranger #136 - Cottage Grove, WI",42.9985528,-89.1996224,"ROAD RANGER 136|2762 County Hwy. N., Cottage Grove, WI 53527|Cottage Grove","ROAD RANGER 136|2762 County Hwy. N., Cottage Grove, WI 53527|Cottage Grove","2762 County Hwy. N., Cottage Grove, WI 53527",Cottage Grove,WI,,42.9985528,-89.1996224,0.0,2.589,3.289,3.789,3.659,ROAD RANGER,,False,False,,,Yes,2026-02-24T01:59:52.729297+00:00,
"Road Ranger #139 - Tuscola, IL",39.7919732,-88.2683213,"ROAD RANGER 139|1112 East Southline Road, Tuscola, IL 61953|Tuscola","ROAD RANGER 139|1112 East Southline Road, Tuscola, IL 61953|Tuscola","1112 East Southline Road, Tuscola, IL 61953",Tuscola,IL,,39.7919732,-88.2683213,0.0,2.459,2.959,3.409,4.039,ROAD RANGER,,False,False,,,Yes,2026-02-24T01:59:52.729307+00:00,
"Road Ranger #140 - Mendota, IL",41.5538796,-89.066747,"ROAD RANGER 140|2705 East 12th St., Mendota, IL 61342|Mendota","ROAD RANGER 140|2705 East 12th St., Mendota, IL 61342|Mendota","2705 East 12th St., Mendota, IL 61342",Mendota,IL,,41.5538796,-89.066747,0.0,2.899,3.399,3.849,4.039,ROAD RANGER,,False,False,,,Yes,2026-02-24T01:59:52.729317+00:00,
"Road Ranger #141 - Brazil, IN",39.523652,-87.1250154,"ROAD RANGER 141|990 W. SR 42, Brazil, IN 47834|Brazil","ROAD RANGER 141|990 W. SR 42, Brazil, IN 47834|Brazil","990 W. SR 42, Brazil, IN 47834",Brazil,IN,,39.523652,-87.1250154,0.0,2.999,3.499,3.999,3.999,ROAD RANGER,,False,False,,,Yes,2026-02-24T01:59:52.729327+00:00,
"Road Ranger #144 - Elk Run Heights, IA",42.4612404,-92.2473477,"ROAD RANGER 144|100 Plaza Drive, Elk Run Heights, IA 50707|Elk Run Heights","ROAD RANGER 144|100 Plaza Drive, Elk Run Heights, IA 50707|Elk Run Heights","100 Plaza Drive, Elk Run Heights, IA 50707",Elk Run Heights,IA,,42.4612404,-92.2473477,0.0,2.499,,3.349,4.009,ROAD RANGER,,False,False,,,Yes,2026-02-24T01:59:52.729340+00:00,
"Road Ranger #145 - Fenton, MO",38.543606,-90.4399195,"ROAD RANGER 145|205 North Highway Drive, Fenton, MO 63026|Fenton","ROAD RANGER 145|205 North Highway Drive, Fenton, MO 63026|Fenton","205 North Highway Drive, Fenton, MO 63026",Fenton,MO,,38.543606,-90.4399195,0.0,2.769,3.169,3.669,3.859,ROAD RANGER,,False,False,,,Yes,2026-02-24T01:59:52.729350+00:00,
"Road Ranger #153 - Rochelle, IL",41.934296897400245,-89.0678872802297,"ROAD RANGER 153|1101 N 7th St., Rochelle, IL 61068|Rochelle","ROAD RANGER 153|1101 N 7th St., Rochelle, IL 61068|Rochelle","1101 N 7th St., Rochelle, IL 61068",Rochelle,IL,,41.934296897400245,-89.0678872802297,0.0,2.609,3.109,3.559,,ROAD RANGER,,False,False,,,Yes,2026-02-24T01:59:52.729363+00:00,
"Road Ranger #157 - Okawville, IL",38.4364187,-89.5347246,"ROAD RANGER 157|905 Hen House Road, Okawville, IL 62271|Okawville","ROAD RANGER 157|905 Hen House Road, Okawville, IL 62271|Okawville","905 Hen House Road, Okawville, IL 62271",Okawville,IL,,38.4364187,-89.5347246,0.0,2.999,3.699,3.949,3.899,ROAD RANGER,,False,False,,,Yes,2026-02-24T01:59:52.729373+00:00,
"Road Ranger #181 - Springfield, IL",39.7128674,-89.648992,"ROAD RANGER 181|500 Toronto Road, Springfield, IL 62711|Springfield","ROAD RANGER 181|500 Toronto Road, Springfield, IL 62711|Springfield","500 Toronto Road, Springfield, IL 62711",Springfield,IL,,39.7128674,-89.648992,0.0,2.799,3.299,3.749,3.799,ROAD RANGER,,False,False,,,Yes,2026-02-24T01:59:52.729382+00:00,
"Road Ranger #185 - McLean, IL",40.3179987,-89.1690822,"ROAD RANGER 185|315 Dixie Rd. Suite A, McLean, IL 61754|McLean","ROAD RANGER 185|315 Dixie Rd. Suite A, McLean, IL 61754|McLean","315 Dixie Rd. Suite A, McLean, IL 61754",McLean,IL,,40.3179987,-89.1690822,0.0,2.739,3.239,3.739,3.899,ROAD RANGER,,False,False,,,Yes,2026-02-24T01:59:52.729391+00:00,
"Road Ranger #186 - Minonk, IL",40.9134707,-89.0534671,"ROAD RANGER 186|1311 Carolyn Dr., Minonk, IL 61760|Minonk","ROAD RANGER 186|1311 Carolyn Dr., Minonk, IL 61760|Minonk","1311 Carolyn Dr., Minonk, IL 61760",Minonk,IL,,40.9134707,-89.0534671,0.0,2.899,3.399,3.849,3.899,ROAD RANGER,,False,False,,,Yes,2026-02-24T01:59:52.729401+00:00,
"Road Ranger #187 - Chicago, IL",41.831278,-87.6946279,"ROAD RANGER 187|3401 S California Ave, Chicago, IL 60608|Chicago","ROAD RANGER 187|3401 S California Ave, Chicago, IL 60608|Chicago","3401 S California Ave, Chicago, IL 60608",Chicago,IL,,41.831278,-87.6946279,0.0,2.999,3.399,3.799,3.699,ROAD RANGER,,False,False,,,Yes,2026-02-24T01:59:52.729418+00:00,
"Road Ranger #203 - Rockford, IL",42.2085811,-89.1076044,"ROAD RANGER 203|4980 S. Main St., Rockford, IL 61102|Rockford","ROAD RANGER 203|4980 S. Main St., Rockford, IL 61102|Rockford","4980 S. Main St., Rockford, IL 61102",Rockford,IL,,42.2085811,-89.1076044,0.0,2.699,3.199,3.649,3.849,ROAD RANGER,,False,False,,,Yes,2026-02-24T01:59:52.729431+00:00,
"Road Ranger #205 - South Beloit, IL",42.4909647,-88.9992534,"ROAD RANGER 205|6070 Gardner St., South Beloit, IL 61080|South Beloit","ROAD RANGER 205|6070 Gardner St., South Beloit, IL 61080|South Beloit","6070 Gardner St., South Beloit, IL 61080",South Beloit,IL,,42.4909647,-88.9992534,0.0,2.579,3.179,3.679,4.049,ROAD RANGER,,False,False,,,Yes,2026-02-24T01:59:52.729444+00:00,
"Road Ranger #206 - Winnebago, IL",42.2802763,-89.2422629,"ROAD RANGER 206|902 N. Elida St., Winnebago, IL 61088|Winnebago","ROAD RANGER 206|902 N. Elida St., Winnebago, IL 61088|Winnebago","902 N. Elida St., Winnebago, IL 61088",Winnebago,IL,,42.2802763,-89.2422629,0.0,2.799,3.349,3.749,3.649,ROAD RANGER,,False,False,,,Yes,2026-02-24T01:59:52.729457+00:00,
"Road Ranger #209 - Oakdale, WI",43.9636232,-90.3757182,"ROAD RANGER 209|102 E.Woody St., Oakdale, WI 54660|Oakdale","ROAD RANGER 209|102 E.Woody St., Oakdale, WI 54660|Oakdale","102 E.Woody St., Oakdale, WI 54660",Oakdale,WI,,43.9636232,-90.3757182,0.0,2.589,3.089,3.589,3.839,ROAD RANGER,,False,False,,,Yes,2026-02-24T01:59:52.729471+00:00,
"Road Ranger #210 - Rochelle, IL",41.9338987,-89.0349575,"ROAD RANGER 210|890 E. IL Route 38, Rochelle, IL 61068|Rochelle","ROAD RANGER 210|890 E. IL Route 38, Rochelle, IL 61068|Rochelle","890 E. IL Route 38, Rochelle, IL 61068",Rochelle,IL,,41.9338987,-89.0349575,0.0,2.619,3.319,3.719,4.049,ROAD RANGER,,False,False,,,Yes,2026-02-24T01:59:52.729483+00:00,
"Road Ranger #211 - Loves Park, IL",42.3195639,-88.9693605,"ROAD RANGER 211|7500 E. Riverside Blvd., Loves Park, IL 61111|Loves Park","ROAD RANGER 211|7500 E. Riverside Blvd., Loves Park, IL 61111|Loves Park","7500 E. Riverside Blvd., Loves Park, IL 61111",Loves Park,IL,,42.3195639,-88.9693605,0.0,2.999,3.399,3.899,3.699,ROAD RANGER,,False,False,,,Yes,2026-02-24T01:59:52.729497+00:00,
"Road Ranger #225 - Princeton, IL",41.4031053,-89.4689005,"ROAD RANGER 225|2835 North Main St., Princeton, IL 61356|Princeton","ROAD RANGER 225|2835 North Main St., Princeton, IL 61356|Princeton","2835 North Main St., Princeton, IL 61356",Princeton,IL,,41.4031053,-89.4689005,0.0,2.899,3.299,3.799,4.099,ROAD RANGER,,False,False,,,Yes,2026-02-24T01:59:52.729508+00:00,
"Road Ranger #226 - Greenwood, IN ",39.6136413,-86.0711201,"ROAD RANGER 226|1615 East Main St., Greenwood, IN 46143|Greenwood","ROAD RANGER 226|1615 East Main St., Greenwood, IN 46143|Greenwood","1615 East Main St., Greenwood, IN 46143",Greenwood,IN,,39.6136413,-86.0711201,0.0,2.589,3.089,3.589,3.859,ROAD RANGER,,False,False,,,Yes,2026-02-24T01:59:52.729521+00:00,
"Road Ranger #235 - Hampshire, IL",42.149425,-88.5115959,"ROAD RANGER 235|19N681 US-20, Hampshire, IL 60140|Hampshire","ROAD RANGER 235|19N681 US-20, Hampshire, IL 60140|Hampshire","19N681 US-20, Hampshire, IL 60140",Hampshire,IL,,42.149425,-88.5115959,0.0,3.199,3.799,4.299,4.099,ROAD RANGER,,False,False,,,Yes,2026-02-24T01:59:52.729534+00:00,
"Road Ranger #236 - East Troy, WI",42.7906328,-88.3891736,"ROAD RANGER 236|1946 Energy Dr., East Troy, WI 53120|East Troy","ROAD RANGER 236|1946 Energy Dr., East Troy, WI 53120|East Troy","1946 Energy Dr., East Troy, WI 53120",East Troy,WI,,42.7906328,-88.3891736,0.0,,,,3.799,ROAD RANGER,,False,False,,,Yes,2026-02-24T01:59:52.729548+00:00,
"Road Ranger #240 - Lake Station, IN",41.5785273,-87.2396748,"ROAD RANGER 240|2151 Ripley St., Lake Station, IN 46405|Lake Station","ROAD RANGER 240|2151 Ripley St., Lake Station, IN 46405|Lake Station","2151 Ripley St., Lake Station, IN 46405",Lake Station,IN,,41.5785273,-87.2396748,0.0,2.439,2.939,3.439,3.999,ROAD RANGER,,False,False,,,Yes,2026-02-24T01:59:52.729563+00:00,
"Road Ranger #242 - Saint Robert, MO",37.8362414,-92.0993155,"ROAD RANGER 242|22345 Highway 28, St. Roberts, MO 65584|Saint Robert","ROAD RANGER 242|22345 Highway 28, St. Roberts, MO 65584|Saint Robert","22345 Highway 28, St. Roberts, MO 65584",Saint Robert,MO,,37.8362414,-92.0993155,0.0,2.299,2.599,2.999,3.499,ROAD RANGER,,False,False,,,Yes,2026-02-24T01:59:52.729578+00:00,
"Road Ranger #263 - Ottawa, IL",41.3789124,-88.7772025,"ROAD RANGER 263|3041 North IL Route 71, Ottawa, IL 61350|Ottawa","ROAD RANGER 263|3041 North IL Route 71, Ottawa, IL 61350|Ottawa","3041 North IL Route 71, Ottawa, IL 61350",Ottawa,IL,,41.3789124,-88.7772025,0.0,2.669,3.169,3.619,3.799,ROAD RANGER,,False,False,,,Yes,2026-02-24T01:59:52.729591+00:00,
"Road Ranger #265 - Dixon, IL",41.8225492,-89.4751038,"ROAD RANGER 265|1801 South Galena Avenue, Dixon, IL 61021|Dixon","ROAD RANGER 265|1801 South Galena Avenue, Dixon, IL 61021|Dixon","1801 South Galena Avenue, Dixon, IL 61021",Dixon,IL,,41.8225492,-89.4751038,0.0,2.719,3.219,3.519,3.799,ROAD RANGER,,False,False,,,Yes,2026-02-24T01:59:52.729604+00:00,
"Road Ranger #266 - New Berlin, IL",39.7325419,-89.9245933,"ROAD RANGER 266|700 King Rd, New Berlin, IL 62670|New Berlin","ROAD RANGER 266|700 King Rd, New Berlin, IL 62670|New Berlin","700 King Rd, New Berlin, IL 62670",New Berlin,IL,,39.7325419,-89.9245933,0.0,2.759,3.699,4.149,3.939,ROAD RANGER,,False,False,,,Yes,2026-02-24T01:59:52.729616+00:00,
"Road Ranger #267 - Pharr, TX",26.09359295729959,-98.20167933101634,"ROAD RANGER 267|10602 S. Cage Blvd, Pharr, TX 78577|Pharr","ROAD RANGER 267|10602 S. Cage Blvd, Pharr, TX 78577|Pharr","10602 S. Cage Blvd, Pharr, TX 78577",Pharr,TX,,26.09359295729959,-98.20167933101634,0.0,2.759,3.359,3.759,3.609,ROAD RANGER,,False,False,,,Yes,2026-02-24T01:59:52.729635+00:00,
"Road Ranger #268 - Grayville, IL",38.2401076,-87.9991526,"ROAD RANGER 268|1776 S Court St., Grayville, IL 62844|Grayville","ROAD RANGER 268|1776 S Court St., Grayville, IL 62844|Grayville","1776 S Court St., Grayville, IL 62844",Grayville,IL,,38.2401076,-87.9991526,0.0,2.949,3.449,3.949,3.899,ROAD RANGER,,False,False,,,Yes,2026-02-24T01:59:52.729649+00:00,
"Road Ranger #269 - Marshall, IL",39.4244757,-87.6917016,"ROAD RANGER 269|2003 IL Hwy 1, Marshall, IL 62441|Marshall","ROAD RANGER 269|2003 IL Hwy 1, Marshall, IL 62441|Marshall","2003 IL Hwy 1, Marshall, IL 62441",Marshall,IL,,39.4244757,-87.6917016,0.0,2.899,3.499,3.999,4.049,ROAD RANGER,,False,False,,,Yes,2026-02-24T01:59:52.729662+00:00,
"Road Ranger #270 - Moore, TX",29.0290735,-99.0507167,"ROAD RANGER 270|9977 North Interstate 35, Moore, TX 78057|Moore","ROAD RANGER 270|9977 North Interstate 35, Moore, TX 78057|Moore","9977 North Interstate 35, Moore, TX 78057",Moore,TX,,29.0290735,-99.0507167,0.0,2.399,2.879,3.319,3.699,ROAD RANGER,,False,False,,,Yes,2026-02-24T01:59:52.729681+00:00,
"Road Ranger #271 - Odessa, TX",31.7638389,-102.3653369,"ROAD RANGER 271|10490 West Interstate 20, Odessa, TX 79763|Odessa","ROAD RANGER 271|10490 West Interstate 20, Odessa, TX 79763|Odessa","10490 West Interstate 20, Odessa, TX 79763",Odessa,TX,,31.7638389,-102.3653369,0.0,2.549,3.049,3.499,3.749,ROAD RANGER,,False,False,,,Yes,2026-02-24T01:59:52.729704+00:00,
"Road Ranger #272 - Encinal, TX",28.0469596,-99.3485642,"ROAD RANGER 272|45 East State Highway 44, Encinal, TX 78019|Encinal","ROAD RANGER 272|45 East State Highway 44, Encinal, TX 78019|Encinal","45 East State Highway 44, Encinal, TX 78019",Encinal,TX,,28.0469596,-99.3485642,0.0,2.499,2.999,3.399,3.799,ROAD RANGER,,False,False,,,Yes,2026-02-24T01:59:52.729723+00:00,
"Road Ranger #273 - Combes, TX",26.248973,-97.7290958,"ROAD RANGER 273|18337 Templeton Ave., Combes, TX 78535|Combes","ROAD RANGER 273|18337 Templeton Ave., Combes, TX 78535|Combes","18337 Templeton Ave., Combes, TX 78535",Combes,TX,,26.248973,-97.7290958,0.0,2.299,2.799,3.149,3.739,ROAD RANGER,,False,False,,,Yes,2026-02-24T01:59:52.729744+00:00,
"Road Ranger #275 - Sonora, TX",30.580391,-100.646245,"ROAD RANGER 275|601 US-277, Sonora, TX 76950|Sonora","ROAD RANGER 275|601 US-277, Sonora, TX 76950|Sonora","601 US-277, Sonora, TX 76950",Sonora,TX,,30.580391,-100.646245,0.0,2.599,3.099,3.599,3.909,ROAD RANGER,,False,False,,,Yes,2026-02-24T01:59:52.729762+00:00,
"Road Ranger #276 - Waco, TX",31.6506875,-97.0989245,"ROAD RANGER 276|6615 North Interstate Highway 35, Waco, TX 76705|Waco","ROAD RANGER 276|6615 North Interstate Highway 35, Waco, TX 76705|Waco","6615 North Interstate Highway 35, Waco, TX 76705",Waco,TX,,31.6506875,-97.0989245,0.0,2.369,2.969,3.369,3.709,ROAD RANGER,,False,False,,,Yes,2026-02-24T01:59:52.729781+00:00,
"Road Ranger #277 - New Boston, TX",33.4772576,-94.4104669,"ROAD RANGER 277|907 N. McCoy Blvd., New Boston, TX 75570|New Boston","ROAD RANGER 277|907 N. McCoy Blvd., New Boston, TX 75570|New Boston","907 N. McCoy Blvd., New Boston, TX 75570",New Boston,TX,,33.4772576,-94.4104669,0.0,2.499,3.099,3.499,3.739,ROAD RANGER,,False,False,,,Yes,2026-02-24T01:59:52.729798+00:00,
"Road Ranger #278 - Brinkley, AR",34.912517,-91.193759,"ROAD RANGER 278|2202 N. Main St., Brinkley, AR 72021|Brinkley","ROAD RANGER 278|2202 N. Main St., Brinkley, AR 72021|Brinkley","2202 N. Main St., Brinkley, AR 72021",Brinkley,AR,,34.912517,-91.193759,0.0,2.339,2.939,3.439,3.399,ROAD RANGER,,False,False,,,Yes,2026-02-24T01:59:52.729815+00:00,
"Road Ranger #279 - Marion, IL",37.6197159,-88.9859542,"ROAD RANGER 279|1701 Route 148, Marion, IL 62959|Marion","ROAD RANGER 279|1701 Route 148, Marion, IL 62959|Marion","1701 Route 148, Marion, IL 62959",Marion,IL,,37.6197159,-88.9859542,0.0,2.959,3.459,3.959,4.189,ROAD RANGER,,False,False,,,Yes,2026-02-24T01:59:52.729830+00:00,
"Road Ranger #280 - Monahans, TX",31.5694524,-102.9074723,"ROAD RANGER 280|2300 TX-464 Loop Rd., Monahans, TX 97956|Monahans","ROAD RANGER 280|2300 TX-464 Loop Rd., Monahans, TX 97956|Monahans","2300 TX-464 Loop Rd., Monahans, TX 97956",Monahans,TX,,31.5694524,-102.9074723,0.0,2.699,3.299,3.599,3.859,ROAD RANGER,,False,False,,,Yes,2026-02-24T01:59:52.729850+00:00,
"Road Ranger #281 - Cisco, TX",32.3732195,-98.9691457,"ROAD RANGER 281|202 INTERSTATE 20 FRONTAGE RD., Cisco, TX 76437|Cisco","ROAD RANGER 281|202 INTERSTATE 20 FRONTAGE RD., Cisco, TX 76437|Cisco","202 INTERSTATE 20 FRONTAGE RD., Cisco, TX 76437",Cisco,TX,,32.3732195,-98.9691457,0.0,2.399,2.899,3.249,3.639,ROAD RANGER,,False,False,,,Yes,2026-02-24T01:59:52.729870+00:00,
"Road Ranger #282 - Gainesville, TX",33.6698776,-97.1523269,"ROAD RANGER 282|3703 I-35, Gainesville, TX 76240|Gainesville","ROAD RANGER 282|3703 I-35, Gainesville, TX 76240|Gainesville","3703 I-35, Gainesville, TX 76240",Gainesville,TX,,33.6698776,-97.1523269,0.0,2.599,3.099,3.449,3.399,ROAD RANGER,,False,False,,,Yes,2026-02-24T01:59:52.729888+00:00,
"Road Ranger #283 - Sealy, TX",29.7512182,-96.2665791,"ROAD RANGER 283|1848 Beckendorff Road, Sealy, TX 77474|Sealy","ROAD RANGER 283|1848 Beckendorff Road, Sealy, TX 77474|Sealy","1848 Beckendorff Road, Sealy, TX 77474",Sealy,TX,,29.7512182,-96.2665791,0.0,2.499,2.949,3.449,3.789,ROAD RANGER,,False,False,,,Yes,2026-02-24T01:59:52.729908+00:00,
"Road Ranger #284 - New Deal, TX",33.7366181,-101.8434558,"ROAD RANGER 284|70 S Aspen Ave, Lubbock, TX 79403|New Deal","ROAD RANGER 284|70 S Aspen Ave, Lubbock, TX 79403|New Deal","70 S Aspen Ave, Lubbock, TX 79403",New Deal,TX,,33.7366181,-101.8434558,0.0,2.289,2.689,3.089,3.549,ROAD RANGER,,False,False,,,Yes,2026-02-24T01:59:52.729928+00:00,
"Road Ranger #285 - Seguin, TX",29.5713702,-98.0119416,"ROAD RANGER 285|2460 FM 464, Seguin, TX 78155|Seguin","ROAD RANGER 285|2460 FM 464, Seguin, TX 78155|Seguin","2460 FM 464, Seguin, TX 78155",Seguin,TX,,29.5713702,-98.0119416,0.0,2.399,2.999,3.399,3.689,ROAD RANGER,,False,False,,,Yes,2026-02-24T01:59:52.729948+00:00,
"Road Ranger #286 - Amarillo, TX",35.1934938,-101.7077997,"ROAD RANGER 286|11215 E I-40, Amarillo, TX 79118|Amarillo","ROAD RANGER 286|11215 E I-40, Amarillo, TX 79118|Amarillo","11215 E I-40, Amarillo, TX 79118",Amarillo,TX,,35.1934938,-101.7077997,0.0,2.399,2.699,3.099,3.649,ROAD RANGER,,False,False,,,Yes,2026-02-24T01:59:52.729968+00:00,
"Road Ranger #287 - Bourbonnais, IL",41.20627790265876,-87.8709137380383,"ROAD RANGER 287|5210 Quebec Dr, Bourbonnais, IL 60914|Bourbonnais","ROAD RANGER 287|5210 Quebec Dr, Bourbonnais, IL 60914|Bourbonnais","5210 Quebec Dr, Bourbonnais, IL 60914",Bourbonnais,IL,,41.20627790265876,-87.8709137380383,0.0,2.699,3.299,3.799,3.999,ROAD RANGER,,False,False,,,Yes,2026-02-24T01:59:52.729983+00:00,
"Road Ranger #289 - Teague, TX",31.5964732,-96.1467748,"ROAD RANGER 289|776 TX-179, Teague, TX 75860|Teague","ROAD RANGER 289|776 TX-179, Teague, TX 75860|Teague","776 TX-179, Teague, TX 75860",Teague,TX,,31.5964732,-96.1467748,0.0,2.539,3.039,3.439,3.699,ROAD RANGER,,False,False,,,Yes,2026-02-24T01:59:52.730002+00:00,
"Road Ranger #290 - Joplin, MO",37.0674002,-94.4032877,"ROAD RANGER 290|2101 S. Prigmor Avenue, Joplin, MO 64804|Joplin","ROAD RANGER 290|2101 S. Prigmor Avenue, Joplin, MO 64804|Joplin","2101 S. Prigmor Avenue, Joplin, MO 64804",Joplin,MO,,37.0674002,-94.4032877,0.0,2.399,2.799,3.199,3.599,ROAD RANGER,,False,False,,,Yes,2026-02-24T01:59:52.730021+00:00,
"Road Ranger #312 - Vidor, TX",30.131185,-93.959974,"ROAD RANGER 312|17160 Interstate Hwy 10, Vidor, TX 77662|Vidor","ROAD RANGER 312|17160 Interstate Hwy 10, Vidor, TX 77662|Vidor","17160 Interstate Hwy 10, Vidor, TX 77662",Vidor,TX,,30.131185,-93.959974,0.0,2.399,2.999,3.399,3.649,ROAD RANGER,,False,False,,,Yes,2026-02-24T01:59:52.730041+00:00,
"Road Ranger #315 - Laredo, TX",27.6536303,-99.5632614,"ROAD RANGER 315|20002 Mines Rd FM 1472, Laredo, TX 78045|Laredo","ROAD RANGER 315|20002 Mines Rd FM 1472, Laredo, TX 78045|Laredo","20002 Mines Rd FM 1472, Laredo, TX 78045",Laredo,TX,,27.6536303,-99.5632614,0.0,2.599,3.099,3.449,3.849,ROAD RANGER,,False,False,,,Yes,2026-02-24T01:59:52.730063+00:00,
"Road Ranger #319 - Milford, TX",32.1336355,-96.952332,"ROAD RANGER 319|900 W Water St., Milford, TX 76670|Milford","ROAD RANGER 319|900 W Water St., Milford, TX 76670|Milford","900 W Water St., Milford, TX 76670",Milford,TX,,32.1336355,-96.952332,0.0,2.419,2.919,3.269,3.709,ROAD RANGER,,False,False,,,Yes,2026-02-24T01:59:52.730084+00:00,
"Road Ranger #323 - Canton, TX",32.5820887,-95.8741616,"ROAD RANGER 323|13951 FM 859, Canton, TX 75103|Canton","ROAD RANGER 323|13951 FM 859, Canton, TX 75103|Canton","13951 FM 859, Canton, TX 75103",Canton,TX,,32.5820887,-95.8741616,0.0,2.799,3.399,3.699,3.499,ROAD RANGER,,False,False,,,Yes,2026-02-24T01:59:52.730107+00:00,
"Road Ranger #118 - Springfield, IL",39.8304811,-89.5842419,CASEYS #2285|3001 RIDGE AVE|SPRINGFIELD,CASEYS #2285,3001 RIDGE AVE,SPRINGFIELD,IL,62702-4559,39.818345,-89.606344,1.44,2.999,,,3.799,CASEY'S GENERAL STORE,2175288754,,,02/23/2026 18:59:13 PM,,Yes,2026-02-24T02:08:49.995084+00:00,2285
"Road Ranger #118 - Springfield, IL",39.8304811,-89.5842419,CIRCLE K # 00190|2201 N DIRKSEN PKWY|SPRINGFIELD,CIRCLE K # 00190,2201 N DIRKSEN PKWY,SPRINGFIELD,IL,62702-1401,39.83149,-89.60482,1.09,2.799,3.499,3.899,3.619,CIRCLE K,2175228216,,,2026-02-23 08:30:00.0,,Yes,2026-02-24T02:08:52.319052+00:00,4701303
"Road Ranger #118 - Springfield, IL",39.8304811,-89.5842419,CIRCLE K # 01303|2120 N DIRKSEN PKWY|SPRINGFIELD,CIRCLE K # 01303,2120 N DIRKSEN PKWY,SPRINGFIELD,IL,62702-2121,39.8306,-89.60485,1.09,2.779,3.479,3.879,,CIRCLE K,2175280284,,,2026-02-23 11:57:00.0,,Yes,2026-02-24T02:08:54.396106+00:00,4700190
"Road Ranger #118 - Springfield, IL",39.8304811,-89.5842419,SHELL SERVICE STATIO|2121 N DIRKSEN PKWY|SPRINGFIELD,SHELL SERVICE STATIO,2121 N DIRKSEN PKWY,SPRINGFIELD,IL,62702-2120,39.83071598,-89.60533316,1.17,2.899,3.989,4.299,3.799,SHELL,,False,True,2026-02-24T00:23:30.630000,1771892610630,No,,
"Road Ranger #118 - Springfield, IL",39.8304811,-89.5842419,TA Express Riverton|2855 OVERPASS ROAD|RIVERTON,TA Express Riverton,2855 OVERPASS ROAD,RIVERTON,IL,62561,39.84215488,-89.5216767,3.38,,,,3.749,TA-Petro,3099254217,,,2026-02-24T02:10:43.138432+00:00,,Yes,2026-02-24T02:10:43.138468+00:00,
"Road Ranger #118 - Springfield, IL",39.8304811,-89.5842419,SPEEDWAY 03961|4895 DINIUS RD|WILLIAMSVILLE,SPEEDWAY 03961,4895 DINIUS RD,WILLIAMSVILLE,IL,62693-9207,39.96176,-89.561101,9.15,2.999,3.599,4.099,3.799,SPEEDWAY,2175662622,,,just now,,Yes,2026-02-24T02:10:11.461763+00:00,
"Road Ranger #132 - Champaign, IL",40.17769,-88.240499,CIRCLE K # 1413|507 W UNIVERSITY AVE|URBANA,CIRCLE K # 1413,507 W UNIVERSITY AVE,URBANA,IL,61801,40.116489,-88.212916,4.47,2.729,3.429,3.729,3.799,CIRCLE K,2173448723,,,2026-02-23 14:48:00.0,,Yes,2026-02-24T02:08:56.482140+00:00,4701413
"Road Ranger #132 - Champaign, IL",40.17769,-88.240499,MEIJER STORE #146|2401 N PROSPECT AVE|CHAMPAIGN,MEIJER STORE #146,2401 N PROSPECT AVE,CHAMPAIGN,IL,61822-1233,40.142642,-88.257911,2.59,2.629,3.129,3.629,3.579,MEIJER,2173534000,,,2026-02-23T15:53:57.463,,Yes,2026-02-24T02:10:57.494721+00:00,146
"Road Ranger #132 - Champaign, IL",40.17769,-88.240499,MURPHY 7231 ATWALMRT|2602 N PROSPECT AVE|CHAMPAIGN,MURPHY 7231 ATWALMRT,2602 N PROSPECT AVE,CHAMPAIGN,IL,61822-1251,40.146662,-88.257988,2.33,2.619,3.299,3.899,3.579,MURPHY USA,8708816817,,,2026-02-23T23:12:20.753Z,,Yes,2026-02-24T02:10:23.972365+00:00,
"Road Ranger #132 - Champaign, IL",40.17769,-88.240499,PILOT #468|815 US HIGHWAY 24 W|GILMAN,PILOT #468,815 US HIGHWAY 24 W,GILMAN,IL,60938-8006,40.751595,-88.001415,41.6,2.899,3.439,3.999,4.099,PILOT,8152654754,,,2026-02-24T02:07:34.824864+00:00,,Yes,2026-02-24T02:07:34.824874+00:00,468
"Road Ranger #132 - Champaign, IL",40.17769,-88.240499,"Love's Travel Stop in Normal, IL. Store #867|2007 N Main St|Normal|RR132","Love's Travel Stop in Normal, IL. Store #867",2007 N Main St,Normal,IL,61761,40.541664,-88.998009,47.15,2.999,3.499,3.949,3.949,Love's,(309) 445-6881,,,2026-02-24T02:09:23.100207+00:00,,Yes,2026-02-24T02:09:23.100223+00:00,
"Road Ranger #132 - Champaign, IL",40.17769,-88.240499,PILOT - DECATUR|4030 E BOYD RD|DECATUR,PILOT - DECATUR,4030 E BOYD RD,DECATUR,IL,62521,39.907519,88.895694,39.4,2.739,3.339,3.839,3.959,Pilot,,,,2026-02-24T02:07:36.406124+00:00,,Yes,2026-02-24T02:07:36.406133+00:00,368
"Road Ranger #132 - Champaign, IL",40.17769,-88.240499,QUIKTRIP 7194|1505 N NEIL ST|CHAMPAIGN,QUIKTRIP 7194,1505 N NEIL ST,CHAMPAIGN,IL,61820-2224,40.13202,-88.24366,3.16,2.699,3.299,3.899,3.599,QUIKTRIP,8002473452,,,,,Yes,2026-02-24T02:10:28.638048+00:00,
"Road Ranger #136 - Cottage Grove, WI",42.9985528,-89.1996224,BP 1378500|1888 BARBER DR|STOUGHTON,BP 1378500,1888 BARBER DR,STOUGHTON,WI,53589,42.94946,-89.26955,4.9,2.599,,,,BP PRODUCTS NA,6088735321,False,False,2026-02-20T20:49:57.029000,1771620597029,No,,
"Road Ranger #136 - Cottage Grove, WI",42.9985528,-89.1996224,BP 6293898|2763 COUNTY ROAD N|COTTAGE GROVE,BP 6293898,2763 COUNTY ROAD N,COTTAGE GROVE,WI,53527-9597,42.998899,-89.200507,0.05,2.589,,3.989,3.659,BP PRODUCTS NA,6088730504,False,True,2026-02-24T00:57:57.454000,1771894677454,No,,
"Road Ranger #136 - Cottage Grove, WI",42.9985528,-89.1996224,KWIK TRIP 893|1359 US HIGHWAY 51|STOUGHTON,KWIK TRIP 893,1359 US HIGHWAY 51,STOUGHTON,WI,53589-3729,42.920138,-89.250574,6,2.599,2.569,,3.799,KWIK TRIP,6088730287,False,True,2026-02-23T23:48:34.841000,1771890514841,No,,
"Road Ranger #136 - Cottage Grove, WI",42.9985528,-89.1996224,"Love's Travel Stop in Dekorra - Poynette, WI. Store #637|W9493 County Road Cs|Dekorra - Poynette","Love's Travel Stop in Dekorra - Poynette, WI. Store #637",W9493 County Road Cs,Dekorra - Poynette,WI,53955,43.390296,-89.469399,30.29,2.599,3.099,3.599,3.889,Love's,(608) 635-2944,,,2026-02-24T02:09:24.793892+00:00,,Yes,2026-02-24T02:09:24.793905+00:00,
"Road Ranger #139 - Tuscola, IL",39.7919732,-88.2683213,FLYING J 643|1701 W EVERGREEN AVE|EFFINGHAM,FLYING J 643,1701 W EVERGREEN AVE,EFFINGHAM,IL,62401-4426,39.135025,-88.569373,48.15,2.699,3.179,3.829,4.099,PILOT,2173477161,,,2026-02-24T02:07:37.983591+00:00,,Yes,2026-02-24T02:07:37.983598+00:00,643
"Road Ranger #139 - Tuscola, IL",39.7919732,-88.2683213,FUEL MART 787|1207 E SOUTHLINE RD|TUSCOLA,FUEL MART 787,1207 E SOUTHLINE RD,TUSCOLA,IL,61953-2047,39.79163,-88.259634,0.46,2.459,,,3.819,IFM'S   1,2172533925,True,True,2026-02-23T22:28:35.803000,1771885715803,No,,
"Road Ranger #139 - Tuscola, IL",39.7919732,-88.2683213,IL 0229|314 E SOUTHLINE RD|TUSCOLA,IL 0229,314 E SOUTHLINE RD,TUSCOLA,IL,61953-2057,39.79162,-88.283714,0.82,2.649,,,,EXXONMOBIL,2172531099,True,True,2026-02-23T22:25:31.806000,1771885531806,No,,
"Road Ranger #139 - Tuscola, IL",39.7919732,-88.2683213,LANMAN OIL CO.|1000 E SOUTHLINE RD|TUSCOLA,LANMAN OIL CO.,1000 E SOUTHLINE RD,TUSCOLA,IL,61953-2044,39.79161,-88.27198,0.2,2.599,,,,MARATHON,2172533116,False,False,2026-02-23T00:13:56.137000,1771805636137,No,,
"Road Ranger #139 - Tuscola, IL",39.7919732,-88.2683213,PILOT 165|2500 N 3RD ST|EFFINGHAM,PILOT 165,2500 N 3rd ST,EFFINGHAM,IL,,39.149186,-88.530599,46.61,2.699,3.259,3.809,4.099,Pilot,,,,2026-02-24T02:07:39.568923+00:00,,Yes,2026-02-24T02:07:39.568931+00:00,165
"Road Ranger #139 - Tuscola, IL",39.7919732,-88.2683213,"Love's Travel Stop in Tuscola, IL. Store #798|809 Moore Ave|Tuscola","Love's Travel Stop in Tuscola, IL. Store #798",809 Moore Ave,Tuscola,IL,61953,39.793161,-88.266061,0.15,2.459,2.959,3.409,4.089,Love's,(217) 253-6855,,,2026-02-24T02:09:25.829133+00:00,,Yes,2026-02-24T02:09:25.829146+00:00,
"Road Ranger #140 - Mendota, IL",41.5538796,-89.066747,BP 9657560|1302 RAYMOND DR|MENDOTA,BP 9657560,1302 RAYMOND DR,MENDOTA,IL,61342-9300,41.554386,-89.06639,0.04,2.899,3.249,,,BP PRODUCTS NA,8155393300,False,True,2026-02-24T00:51:24.141000,1771894284141,No,,
"Road Ranger #140 - Mendota, IL",41.5538796,-89.066747,"Love's Travel Stop in Oglesby, IL. Store #529|1001 W. Walnut St.|Oglesby","Love's Travel Stop in Oglesby, IL. Store #529",1001 W. Walnut St.,Oglesby,IL,61348,41.293551,-89.086601,18.02,2.489,2.989,3.439,4.089,Love's,(815) 883-3561,,,2026-02-24T02:09:27.955774+00:00,,Yes,2026-02-24T02:09:27.955787+00:00,
"Road Ranger #140 - Mendota, IL",41.5538796,-89.066747,"Love's Travel Stop in Utica , IL. Store #351|3020 E. 8th Rd.|Utica|RR140","Love's Travel Stop in Utica , IL. Store #351",3020 E. 8th Rd.,Utica ,IL,61373,41.370086,-89.00914,13.05,2.499,2.999,3.449,4.089,Love's,(815) 667-4572,,,2026-02-24T02:09:26.930157+00:00,,Yes,2026-02-24T02:09:26.930169+00:00,
"Road Ranger #140 - Mendota, IL",41.5538796,-89.066747,MENDOTA CITGO|208 12TH ST|MENDOTA,MENDOTA CITGO,208 12TH ST,MENDOTA,IL,61342,41.55495,-89.1115,2.32,2.799,3.199,,,CITGO,8155382923,False,False,2026-02-20T05:38:44.410000,1771565924410,No,,
"Road Ranger #141 - Brazil, IN",39.523652,-87.1250154,BP 6623045|1030 W STATE ROAD 42|BRAZIL,BP 6623045,1030 W STATE ROAD 42,BRAZIL,IN,47834-7509,39.445907,-87.126879,0.07,2.649,,3.849,3.599,BP PRODUCTS NA,8124428022,False,True,2026-02-24T00:20:36.144000,1771892436144,No,,
"Road Ranger #141 - Brazil, IN",39.523652,-87.1250154,PILOT SITE 444|4376 N STATE ROAD 59|BRAZIL,PILOT SITE 444,4376 N STATE ROAD 59,BRAZIL,IN,47834-7561,39.452514,-87.126276,0.37,2.959,3.609,4.109,4.199,PILOT,8124469400,,,2026-02-24T02:07:41.155050+00:00,,Yes,2026-02-24T02:07:41.155059+00:00,444
"Road Ranger #141 - Brazil, IN",39.523652,-87.1250154,,Petro Brazil,,Brazil,Indiana,,39.4455,-87.127,0.13,2.659,3.119,3.619,4.239,TA-Petro,,,,2026-02-24T02:10:44.993070+00:00,,Yes,2026-02-24T02:10:44.993103+00:00,
"Road Ranger #141 - Brazil, IN",39.523652,-87.1250154,SPEEDWAY|4425 N STATE ROUTE|,SPEEDWAY,4425 N STATE ROUTE,,,,39.45222243,-87.12731601,0.44,2.999,3.499,3.999,3.999,Speedway,,,,a minute ago,,Yes,2026-02-24T02:10:13.157722+00:00,43943
"Road Ranger #144 - Elk Run Heights, IA",42.4612404,-92.2473477,FLYING J 637|445 EVANSDALE DR|EVANSDALE,FLYING J 637,445 EVANSDALE DR,EVANSDALE,IA,50707-2175,42.45987,-92.25069,0.19,2.499,3.099,3.599,4.059,PILOT,3192917714,,,2026-02-24T02:07:42.740298+00:00,,Yes,2026-02-24T02:07:42.740306+00:00,637
"Road Ranger #144 - Elk Run Heights, IA",42.4612404,-92.2473477,"Love's Travel Stop in Waterloo, IA. Store #702|3301 Greyhound Dr|Waterloo","Love's Travel Stop in Waterloo, IA. Store #702",3301 Greyhound Dr,Waterloo,IA,50701,42.461731,-92.404041,7.99,2.379,2.829,3.179,4.039,Love's,(319) 234-4378,,,2026-02-24T02:09:28.974105+00:00,,Yes,2026-02-24T02:09:28.974118+00:00,
"Road Ranger #144 - Elk Run Heights, IA",42.4612404,-92.2473477,PILOT 1092|8950 EARHART LN SW|CEDAR RAPIDS,PILOT 1092,8950 EARHART LN SW,CEDAR RAPIDS,IA,52404-8968,41.89096,-91.66639,49.37,2.599,3.179,3.679,4.059,PILOT,8005626210,,,2026-02-24T02:07:44.319804+00:00,,Yes,2026-02-24T02:07:44.319812+00:00,1092
"Road Ranger #145 - Fenton, MO",38.543606,-90.4399195,FLYING J 645|1310 E CHAIN OF ROCKS RD|PONTOON BEACH,FLYING J 645,1310 E CHAIN OF ROCKS RD,PONTOON BEACH,IL,62040-2860,38.76106,-90.06373,25.25,2.799,3.279,3.769,3.999,PILOT,6189311580,,,2026-02-24T02:07:45.903633+00:00,,Yes,2026-02-24T02:07:45.903641+00:00,645
"Road Ranger #145 - Fenton, MO",38.543606,-90.4399195,MR FUEL 717|3324 HIGHWAY 100|VILLA RIDGE,MR FUEL 717,3324 HIGHWAY 100,VILLA RIDGE,MO,63089-1466,38.476,-90.85201,22.76,2.699,,,3.499,PILOT,6364515569,False,True,2026-02-23T23:53:32.488000,1771890812488,No,,
"Road Ranger #145 - Fenton, MO",38.543606,-90.4399195,PILOT|1475 THORNTON ST|PACIFIC,PILOT,1475 THORNTON ST,PACIFIC,,,38.48708665,-90.75819783,17.65,2.799,3.339,3.899,3.859,Pilot,,,,2026-02-24T02:07:47.483385+00:00,,Yes,2026-02-24T02:07:47.483393+00:00,208
"Road Ranger #145 - Fenton, MO",38.543606,-90.4399195,QUIKTRIP 0641|604 BIG BEND RD|BALLWIN,QUIKTRIP 0641,604 BIG BEND RD,BALLWIN,MO,63021-7786,38.568349,-90.524124,4.86,2.899,3.199,3.549,3.499,QUIKTRIP,8002473452,,,,,Yes,2026-02-24T02:10:29.910078+00:00,
"Road Ranger #145 - Fenton, MO",38.543606,-90.4399195,QUIKTRIP 0642|1923 BOWLES AVE|FENTON,QUIKTRIP 0642,1923 BOWLES AVE,FENTON,MO,63026-1928,38.54092,-90.46936,1.6,2.799,3.099,3.449,3.299,QUIKTRIP,8002473452,,,,,Yes,2026-02-24T02:10:31.233856+00:00,
"Road Ranger #145 - Fenton, MO",38.543606,-90.4399195,Phillips - 600|600 Gravois Rd|FENTON,Phillips 66 - 600,600 Gravois Rd,FENTON,MO,63026,38.51165,-90.44069,2.12,2.769,3.069,3.369,,PHILLIPS 66,9999999999,,,2026-02-24T02:10:59.528296+00:00,,Yes,2026-02-24T02:10:59.528333+00:00,dd50785c-dcfc-437d-b02f-b8396010850d
"Road Ranger #145 - Fenton, MO",38.543606,-90.4399195,Phillips - 698|698 GRAVOIS BLUFFS BLVD|FENTON,Phillips 66 - 698,698 GRAVOIS BLUFFS BLVD,FENTON,MO,63026-7714,38.50755,-90.44333,2.5,2.799,3.099,3.399,3.399,PHILLIPS 66,3144091900,,,2026-02-24T02:11:01.228790+00:00,,Yes,2026-02-24T02:11:01.228820+00:00,efa49e62-392e-466e-952c-757c5fc04cee
"Road Ranger #145 - Fenton, MO",38.543606,-90.4399195,WALLY'S|950 ASSEMBLY PKWY|FENTON,WALLY'S,950 ASSEMBLY PKWY,FENTON,MO,63026,38.544817,-90.463595,1.28,,3.099,3.449,3.299,UNBRANDED,6366787018,False,True,2026-02-24T01:08:38.826000,1771895318826,No,,
"Road Ranger #153 - Rochelle, IL",41.9342969,-89.06788728,BENNY'S CORNER MARKE|601 FLAGG RD|ROCHELLE,BENNY'S CORNER MARKE,601 FLAGG RD,ROCHELLE,IL,61068,41.94126,-89.06654,0.49,2.899,3.699,,,EXXONMOBIL,8155616270,False,True,2026-02-24T00:38:16.044000,1771893496044,No,,
"Road Ranger #153 - Rochelle, IL",41.9342969,-89.06788728,BP 2618800|1180 N 7TH ST|ROCHELLE,BP 2618800,1180 N 7TH ST,ROCHELLE,IL,61068,41.935946,-89.068183,0.11,2.799,,,,BP PRODUCTS NA,8155625593,False,False,2026-02-21T15:26:11.227000,1771687571227,No,,
"Road Ranger #153 - Rochelle, IL",41.9342969,-89.06788728,SHELL SERVICE STATIO|505 W IL ROUTE 38|ROCHELLE,SHELL SERVICE STATIO,505 W IL ROUTE 38,ROCHELLE,IL,61068-1199,41.9337318,-89.06723129,0.05,2.899,,,3.499,SHELL,7795527895,False,False,2026-02-20T21:58:05.509000,1771624685509,No,,
"Road Ranger #153 - Rochelle, IL",41.9342969,-89.06788728,STOP-N-GO #1530|1000 S 7TH ST|ROCHELLE,STOP-N-GO #1530,1000 S 7TH ST,ROCHELLE,IL,61068,41.90965,-89.06848,1.7,2.619,,,,KWIK TRIP,8155620071,True,True,2026-02-24T01:53:31.450000,1771898011450,No,,
"Road Ranger #157 - Okawville, IL",38.4364187,-89.5347246,CIRCLE K 1350|107 W ELM ST|OKAWVILLE,CIRCLE K 1350,107 W ELM ST,OKAWVILLE,IL,62271-1701,38.43057,-89.550703,0.95,2.999,3.599,3.899,3.899,CIRCLE K,6182431046,,,2026-02-19 13:50:00.0,,Yes,2026-02-24T02:08:59.350579+00:00,4701350
"Road Ranger #157 - Okawville, IL",38.4364187,-89.5347246,"Love's Travel Stop in New Baden, IL. Store #583|8690 Richter School Rd|New Baden","Love's Travel Stop in New Baden, IL. Store #583",8690 Richter School Rd,New Baden,IL,62265,38.534515,-89.732292,12.65,2.999,3.499,3.949,4.149,Love's,(618) 588-2257,,,2026-02-24T02:09:29.913761+00:00,,Yes,2026-02-24T02:09:29.913773+00:00,
"Road Ranger #181 - Springfield, IL",39.7128674,-89.648992,CIRCLE K SITE #0140|1201 TORONTO RD|SPRINGFIELD,CIRCLE K SITE #0140,1201 TORONTO RD,SPRINGFIELD,IL,62712-8620,39.71387,-89.63897,0.54,2.799,3.499,3.899,,CIRCLE K,2175294773,,,2026-02-19 13:25:00.0,,Yes,2026-02-24T02:09:02.388115+00:00,4700140
"Road Ranger #181 - Springfield, IL",39.7128674,-89.648992,JIFFI STOP 20|3062 ADLAI STEVENSON DR|SPRINGFIELD,JIFFI STOP 20,3062 ADLAI STEVENSON DR,SPRINGFIELD,IL,62703-4422,39.75773,-89.60967,3.74,2.729,3.619,4.179,3.799,SHELL,8000000000,True,True,2026-02-24T00:20:30.635000,1771892430635,No,,
"Road Ranger #181 - Springfield, IL",39.7128674,-89.648992,QIK N EZ #61|1230 TORONTO RD|SPRINGFIELD,QIK N EZ #61,1230 TORONTO RD,SPRINGFIELD,IL,62712-8690,39.71382,-89.63767,0.61,2.999,3.399,3.799,3.899,QIK N EZ,2175851230,False,True,2026-02-24T01:50:58.703000,1771897858703,No,,
"Road Ranger #185 - McLean, IL",40.3179987,-89.1690822,CASEYS #2554|2017 FOX CREEK RD|BLOOMINGTON,CASEYS #2554,2017 FOX CREEK RD,BLOOMINGTON,IL,61701-9531,40.44975,-89.01903,12.05,2.759,,,3.899,CASEY'S GENERAL STORE,5153814756,,,02/23/2026 18:59:13 PM,,Yes,2026-02-24T02:08:49.995140+00:00,2554
"Road Ranger #185 - McLean, IL",40.3179987,-89.1690822,MINIT MART #0799|401 E SOUTH ST|MCLEAN,MINIT MART #0799,401 E SOUTH ST,MCLEAN,IL,61754-9357,40.312717,-89.169337,0.37,,,,,UNKNOWN,9999999999,False,False,,,No,,
"Road Ranger #185 - McLean, IL",40.3179987,-89.1690822,THORNTONS #369|2903 WOODLAWN RD|LINCOLN,THORNTONS #369,2903 WOODLAWN RD,LINCOLN,IL,62656-9633,40.15785,-89.41113,16.89,2.999,3.299,3.599,3.699,THORNTONS,2177323915,,,2026-02-23 20:41:25,,Yes,2026-02-24T02:09:17.049723+00:00,
"Road Ranger #186 - Minonk, IL",40.9134707,-89.0534671,CASEYS #1326|115 E 5TH ST|MINONK,CASEYS #1326,115 E 5TH ST,MINONK,IL,61760-1301,40.901807,-89.033651,1.31,2.899,,,3.839,CASEY'S GENERAL STORE,3093242066,,,02/23/2026 18:59:13 PM,,Yes,2026-02-24T02:08:49.995168+00:00,1326
"Road Ranger #186 - Minonk, IL",40.9134707,-89.0534671,"Love's Travel Stop in Normal, IL. Store #867|2007 N Main St|Normal|RR186","Love's Travel Stop in Normal, IL. Store #867",2007 N Main St,Normal,IL,61761,40.541664,-88.998009,25.82,2.999,3.499,3.949,3.949,Love's,(309) 445-6881,,,2026-02-24T02:09:23.100235+00:00,,Yes,2026-02-24T02:09:23.100239+00:00,
"Road Ranger #186 - Minonk, IL",40.9134707,-89.0534671,PILOT|1522 W MARKET ST|,PILOT,1522 W MARKET ST,,,,40.48273326,-89.01723941,29.82,2.699,3.299,3.799,3.999,Pilot,,,,2026-02-24T02:07:49.096752+00:00,,Yes,2026-02-24T02:07:49.096759+00:00,299
"Road Ranger #187 - Chicago, IL",41.831278,-87.6946279,MARATHON|3541 S CALIFORNIA AVE|CHICAGO,MARATHON,3541 S CALIFORNIA AVE,CHICAGO,IL,,41.82892791,-87.69452973,0.16,,,,,Wex,,,,,,No,,
"Road Ranger #187 - Chicago, IL",41.831278,-87.6946279,THORNTONS #322|3540 S CALIFORNIA AVE|CHICAGO,THORNTONS #322,,CHICAGO,IL,,41.83051515,-87.69578775,0.12,3.299,3.899,4.399,3.449,Thorntons,,,,2026-02-23 20:40:22,,Yes,2026-02-24T02:09:18.772598+00:00,
"Road Ranger #203 - Rockford, IL",42.2085811,-89.1076044,"Love's Travel Stop in Rockford, IL. Store #775|4628 South Main Street|Rockford","Love's Travel Stop in Rockford, IL. Store #775",4628 South Main Street,Rockford,IL,61102,42.21505,-89.107076,0.45,2.699,3.199,3.649,3.789,Love's,(779) 238-5956,,,2026-02-24T02:09:30.990392+00:00,,Yes,2026-02-24T02:09:30.990405+00:00,
"Road Ranger #203 - Rockford, IL",42.2085811,-89.1076044,SOUTH MAIN MART|550 SOUTHROCK DR|ROCKFORD,SOUTH MAIN MART,550 SOUTHROCK DR,ROCKFORD,IL,61102-4678,42.22515,-89.110051,1.15,2.799,3.349,3.899,,EXXONMOBIL,8159661351,False,True,2026-02-23T23:57:00.442000,1771891020442,No,,
"Road Ranger #205 - South Beloit, IL",42.4909647,-88.9992534,FAS. FUEL SHIRLAND|518 SHIRLAND AVE|SOUTH BELOIT,FAS. FUEL SHIRLAND,518 SHIRLAND AVE,SOUTH BELOIT,IL,61080-1308,42.49628,-89.044061,2.33,2.659,,,,UNBRANDED,8159574133,False,True,2026-02-23T20:29:49.888000,1771878589888,No,,
"Road Ranger #205 - South Beloit, IL",42.4909647,-88.9992534,FLYING J 646|16049 WILLOWBROOK RD|SOUTH BELOIT,FLYING J 646,16049 WILLOWBROOK RD,SOUTH BELOIT,IL,61080-9562,42.493222,-89.000179,0.16,2.579,3.179,3.679,4.159,PILOT,8153894760,,,2026-02-24T02:07:50.686058+00:00,,Yes,2026-02-24T02:07:50.686066+00:00,646
"Road Ranger #205 - South Beloit, IL",42.4909647,-88.9992534,KWIK TRIP #1276|16040 OAKFIELD PKWY|SOUTH BELOIT,KWIK TRIP #1276,16040 OAKFIELD PKWY,SOUTH BELOIT,IL,61080,42.48184,-89.02549,0.49,2.579,2.479,3.879,,KWIK TRIP,6087818988,False,True,2026-02-24T01:37:47.576000,1771897067576,No,,
"Road Ranger #205 - South Beloit, IL",42.4909647,-88.9992534,"Love's Travel Stop in Roscoe, IL. Store #322|13477 Quality Dr.|Roscoe","Love's Travel Stop in Roscoe, IL. Store #322",13477 Quality Dr.,Roscoe,IL,61073,42.455985,-88.998069,2.42,2.579,3.079,3.529,4.149,Love's,(815) 389-1923,,,2026-02-24T02:09:31.939319+00:00,,Yes,2026-02-24T02:09:31.939332+00:00,
"Road Ranger #205 - South Beloit, IL",42.4909647,-88.9992534,PILOT|3001 MILWAUKEE RD|BELOIT,PILOT,3001 MILWAUKEE RD,BELOIT,,,42.52687357,-88.97972253,2.67,2.499,3.149,3.749,4.159,Pilot,,,,2026-02-24T02:07:52.284291+00:00,,Yes,2026-02-24T02:07:52.284299+00:00,289
"Road Ranger #205 - South Beloit, IL",42.4909647,-88.9992534,SPEEDWAY 3962|5951 E ROCKTON RD|ROSCOE,SPEEDWAY 3962,5951 E ROCKTON RD,ROSCOE,,,42.45636274,-89.00087457,2.39,2.579,3.179,3.679,3.349,Speedway,,,,a minute ago,,Yes,2026-02-24T02:10:14.869905+00:00,43526
"Road Ranger #205 - South Beloit, IL",42.4909647,-88.9992534,THORNTONS #221331 DIESE|13555 WILLOWBROOK RD|ROSCOE,THORNTONS #221331 DIESE,13555 WILLOWBROOK RD,ROSCOE,IL,61073,42.457568,-89.000018,2.31,2.579,3.179,3.679,3.349,THORNTONS,1231231234,,,2026-02-23 20:43:10,,Yes,2026-02-24T02:09:20.474100+00:00,
"Road Ranger #206 - Winnebago, IL",42.2802763,-89.2422629,QUIKTRIP 4428|1555 SANDY HOLLOW RD|ROCKFORD,QUIKTRIP 4428,1555 SANDY HOLLOW RD,ROCKFORD,IL,61109-2124,42.2234,-89.07314,9.5,2.649,3.249,3.849,3.649,QUIKTRIP,8002473452,,,,,Yes,2026-02-24T02:10:32.450630+00:00,
"Road Ranger #206 - Winnebago, IL",42.2802763,-89.2422629,WINNEBAGO CORNERS MA|903 N ELIDA ST|WINNEBAGO,WINNEBAGO CORNERS MA,903 N ELIDA ST,WINNEBAGO,IL,61088-8622,42.27895,-89.24163,0.1,2.799,3.349,3.899,,EXXONMOBIL,8153352377,False,True,2026-02-24T01:16:05.897000,1771895765897,No,,
"Road Ranger #209 - Oakdale, WI",43.9636232,-90.3757182,FLYING J|780 WI-54|BLACK,FLYING J,780 WI-54,BLACK,,,44.29544092,-90.82944596,32.13,2.579,3.179,3.819,3.899,Pilot,,,,2026-02-24T02:07:53.865534+00:00,,Yes,2026-02-24T02:07:53.865542+00:00,756
"Road Ranger #209 - Oakdale, WI",43.9636232,-90.3757182,KWIK TRIP 775|611 GATEWAY AVE|MAUSTON,KWIK TRIP 775,611 GATEWAY AVE,MAUSTON,WI,53948-1429,43.79674,-90.06179,19.43,2.399,2.369,3.599,3.799,KWIK TRIP,6088472333,True,True,2026-02-23T22:40:02.885000,1771886402885,No,,
"Road Ranger #209 - Oakdale, WI",43.9636232,-90.3757182,"Love's Travel Stop in Oakdale, WI. Store #345|220 Oakwood St.|Oakdale","Love's Travel Stop in Oakdale, WI. Store #345",220 Oakwood St.,Oakdale,WI,54660,43.961187,-90.378159,0.21,2.589,3.089,3.589,3.889,Love's,(608) 372-3820,,,2026-02-24T02:09:32.991857+00:00,,Yes,2026-02-24T02:09:32.991870+00:00,
"Road Ranger #209 - Oakdale, WI",43.9636232,-90.3757182,PILOT|1101 GATEWAY AVE|MAUSTON,PILOT,1101 GATEWAY AVE,MAUSTON,,,43.79715303,-90.05095188,19.85,2.399,3.009,3.549,3.899,Pilot,,,,2026-02-24T02:07:55.477911+00:00,,Yes,2026-02-24T02:07:55.477919+00:00,164
"Road Ranger #210 - Rochelle, IL",41.9338987,-89.0349575,CIRCLEK# 4701408|1110 DEMENT RD|ROCHELLE,CIRCLEK# 4701408,1110 DEMENT RD,ROCHELLE,IL,61068,41.934771,-89.034414,0.07,2.619,3.319,3.619,3.699,CIRCLE K,8155611603,,,2026-02-19 15:51:00.0,,Yes,2026-02-24T02:09:04.469741+00:00,4701408
"Road Ranger #210 - Rochelle, IL",41.9338987,-89.0349575,"Love's Travel Stop in Monroe Center, IL. Store #851|16991 E Illinois Rte 72|Monroe Center","Love's Travel Stop in Monroe Center, IL. Store #851",16991 E Illinois Rte 72,Monroe Center,IL,61052,42.099645,-89.018089,11.49,2.659,3.159,3.609,4.089,Love's,(815) 393-3416,,,2026-02-24T02:09:34.869352+00:00,,Yes,2026-02-24T02:09:34.869365+00:00,
"Road Ranger #210 - Rochelle, IL",41.9338987,-89.0349575,"Love's Travel Stop in Rochelle, IL. Store #754|400 Steward Road|Rochelle","Love's Travel Stop in Rochelle, IL. Store #754",400 Steward Road,Rochelle,IL,61068,41.898041,-89.066732,2.97,2.619,3.119,3.569,4.089,Love's,(815) 561-1125,,,2026-02-24T02:09:33.943796+00:00,,Yes,2026-02-24T02:09:33.943809+00:00,
"Road Ranger #210 - Rochelle, IL",41.9338987,-89.0349575,PETRO CENTER ROCHELL|900 PETRO RD|ROCHELLE,PETRO CENTER ROCHELL,900 PETRO RD,ROCHELLE,IL,61068-9687,41.93631,-89.03444,0.17,,,,4.099,TA-Petro,8155623716,False,False,2026-02-21T15:38:07.676000,1771688287676,No,,
"Road Ranger #210 - Rochelle, IL",41.9338987,-89.0349575,PILOT 1181|1201 E IL ROUTE 38|ROCHELLE,PILOT 1181,1201 E IL ROUTE 38,ROCHELLE,IL,61068-2323,41.93478,-89.0171,0.92,2.619,3.219,3.719,4.099,PILOT,8005626210,,,2026-02-24T02:07:57.065454+00:00,,Yes,2026-02-24T02:07:57.065462+00:00,1181
"Road Ranger #211 - Loves Park, IL",42.3195639,-88.9693605,CASEYS #3760|4001 INTERSTATE BLVD|LOVES PARK,CASEYS #3760,4001 INTERSTATE BLVD,LOVES PARK,IL,61111-5701,42.31922,-88.95779,0.59,2.999,3.349,3.999,3.699,CASEY'S GENERAL STORE,7793400430,,,02/23/2026 18:59:13 PM,,Yes,2026-02-24T02:08:49.995206+00:00,3760
"Road Ranger #211 - Loves Park, IL",42.3195639,-88.9693605,COSTCO|5000 STADIUM DR|LOVES,COSTCO,5000 STADIUM DR,LOVES,,,42.31997725,-88.9619184,0.38,,,,,Wex,,,,,,No,,
"Road Ranger #211 - Loves Park, IL",42.3195639,-88.9693605,QUIKTRIP 7206|8070 E STATE ST|ROCKFORD,QUIKTRIP 7206,8070 E STATE ST,ROCKFORD,IL,61108-2700,42.271861,-88.958535,3.34,2.699,3.299,3.899,3.649,QUIKTRIP,8002473452,,,,,Yes,2026-02-24T02:10:33.653323+00:00,
"Road Ranger #211 - Loves Park, IL",42.3195639,-88.9693605,TOLLWAY MOBIL|7490 E RIVERSIDE BLVD|LOVES PARK,TOLLWAY MOBIL,7490 E RIVERSIDE BLVD,LOVES PARK,IL,61111-5630,42.319052,-88.970396,0.06,3.059,3.609,4.159,,EXXONMOBIL,8156376434,False,True,2026-02-24T00:45:51.484000,1771893951484,No,,
"Road Ranger #225 - Princeton, IL",41.4031053,-89.4689005,Phillips - 605|605 W PERU ST|PRINCETON,Phillips - 605,605 W PERU ST,PRINCETON,IL,61356-6820,41.37168,-89.47239,2.16,2.899,3.199,,3.699,PHILLIPS 66,8158720731,,,2026-02-24T02:11:02.835960+00:00,,Yes,2026-02-24T02:11:02.835989+00:00,75f9965c-937e-4f63-bd10-796d51815682
"Road Ranger #225 - Princeton, IL",41.4031053,-89.4689005,BP 9157801|1838 N MAIN ST|PRINCETON,BP 9157801,1838 N MAIN ST,PRINCETON,IL,61356-9784,41.39289,-89.466861,0.71,2.899,,,3.699,BP PRODUCTS NA,8158720630,False,True,2026-02-23T19:57:21.299000,1771876641299,No,,
"Road Ranger #225 - Princeton, IL",41.4031053,-89.4689005,CASEYS #1837|520 W PERU ST|PRINCETON,CASEYS #1837,520 W PERU ST,PRINCETON,IL,61356-1949,41.37168,-89.471548,2.18,2.899,,,3.799,CASEY'S GENERAL STORE,8158751420,,,02/23/2026 18:59:14 PM,,Yes,2026-02-24T02:08:49.995245+00:00,1837
"Road Ranger #225 - Princeton, IL",41.4031053,-89.4689005,CASEYS #3531|2125 N MAIN ST|PRINCETON,CASEYS #3531,2125 N MAIN ST,PRINCETON,IL,61356-9729,41.39565,-89.46803,0.52,2.899,,3.799,3.799,CASEY'S GENERAL STORE,7793400428,,,02/23/2026 18:59:13 PM,,Yes,2026-02-24T02:08:49.995273+00:00,3531
"Road Ranger #225 - Princeton, IL",41.4031053,-89.4689005,FLYING J 644|343 CIVIC RD|LA SALLE,FLYING J 644,343 CIVIC RD,LA SALLE,IL,61301-9757,41.36784,-89.099,19.33,2.499,2.979,3.319,4.099,PILOT,8152200611,,,2026-02-24T02:07:58.650150+00:00,,Yes,2026-02-24T02:07:58.650158+00:00,644
"Road Ranger #225 - Princeton, IL",41.4031053,-89.4689005,SAPP BROTHERS ILLINOIS T|3130 MAY RD|PERU,SAPP BROTHERS ILLINOIS T,3130 MAY RD,PERU,IL,61354-9618,41.36706,-89.15231,16.6,3.299,,,,SAPP BROS,8152241065,False,True,2026-02-23T23:36:11.663000,1771889771663,No,,
"Road Ranger #225 - Princeton, IL",41.4031053,-89.4689005,SHELL SERVICE STATIO|2225 N MAIN ST|PRINCETON,SHELL SERVICE STATIO,2225 N MAIN ST,PRINCETON,IL,61356-9791,41.39704938,-89.46789438,0.42,2.899,,,,SHELL,8156264084,False,True,2026-02-23T20:03:20.272000,1771877000272,No,,
"Road Ranger #226 - Greenwood, IN ",39.6136413,-86.0711201,CIRCLE K # 02287|1183 E MAIN ST|GREENWOOD,CIRCLE K # 02287,1183 E MAIN ST,GREENWOOD,IN,46143-9757,39.614374,-86.079404,0.44,2.999,3.499,3.999,3.859,CIRCLE K,3178889806,,,2026-02-23 13:03:00.0,,Yes,2026-02-24T02:09:06.549205+00:00,4702287
"Road Ranger #226 - Greenwood, IN ",39.6136413,-86.0711201,PILOT|2962 E 500 N|WHITELAND,PILOT,2962 E 500 N,WHITELAND,,,39.5513962,-86.04594688,4.51,2.959,3.519,4.019,4.299,Pilot,,,,2026-02-24T02:08:00.244263+00:00,,Yes,2026-02-24T02:08:00.244273+00:00,37
"Road Ranger #226 - Greenwood, IN ",39.6136413,-86.0711201,SPEEDWAY 43968|5 S GRAHAM RD|GREENWOOD,SPEEDWAY 43968,5 S GRAHAM RD,GREENWOOD,IN,46143,39.61465,-86.06368,0.4,2.999,3.499,3.999,3.859,SPEEDWAY,3178870718,,,17 minutes ago,,Yes,2026-02-24T02:10:16.568683+00:00,
"Road Ranger #235 - Hampshire, IL",42.149425,-88.5115959,SPEEDWAY 43539|110 Arrowhead Dr|Hampshire,SPEEDWAY 43539,110 Arrowhead Dr,Hampshire,IL,60140,42.147751,-88.510068,0.14,3.199,3.799,4.299,3.899,Speedway,,,,9 hours ago,,Yes,2026-02-24T02:10:18.328107+00:00,
"Road Ranger #235 - Hampshire, IL",42.149425,-88.5115959,TA Elgin|19 N. 430 US HWY 20|HAMPSHIRE,TA Elgin,19 N. 430 US HWY 20,HAMPSHIRE,IL,,42.14513716,-88.5096376,0.29,3.119,3.619,4.219,4.049,TA-Petro,,,,2026-02-24T02:10:46.762024+00:00,,Yes,2026-02-24T02:10:46.762058+00:00,
"Road Ranger #235 - Hampshire, IL",42.149425,-88.5115959,"Love's Travel Stop in Elk Grove Village, IL. Store #800|1900 Busse Rd|Elk Grove Village","Love's Travel Stop in Elk Grove Village, IL. Store #800",1900 Busse Rd,Elk Grove Village,IL,60007,41.99875,-87.96085,30.11,2.729,3.229,3.679,4.049,Love's,(224) 266-6601,,,2026-02-24T02:09:36.747422+00:00,,Yes,2026-02-24T02:09:36.747436+00:00,
"Road Ranger #235 - Hampshire, IL",42.149425,-88.5115959,"Love's Travel Stop in Hampshire, IL. Store #763|201 Love's Crossing|Hampshire","Love's Travel Stop in Hampshire, IL. Store #763",201 Love's Crossing,Hampshire,IL,60140,42.149101,-88.514535,0.15,3.199,3.699,4.149,4.149,Love's,(847) 683-7433,,,2026-02-24T02:09:35.841791+00:00,,Yes,2026-02-24T02:09:35.841803+00:00,
"Road Ranger #236 - East Troy, WI",42.7906328,-88.3891736,KWIK TRIP #1029|1880 MAIN ST|EAST TROY,KWIK TRIP #1029,1880 MAIN ST,EAST TROY,WI,53120,42.793174,-88.388673,0.18,,2.669,,3.799,KWIK TRIP,2626421409,False,True,2026-02-23T23:53:19.914000,1771890799914,No,,
"Road Ranger #236 - East Troy, WI",42.7906328,-88.3891736,SCOTT OIL CO.INC|2526 MAIN ST|EAST TROY,SCOTT OIL CO.INC,2526 MAIN ST,EAST TROY,WI,53120-1345,42.790827,-88.391145,0.1,,,3.899,,SHELL,2626424624,False,False,2026-02-21T21:08:25.420000,1771708105420,No,,
"Road Ranger #240 - Lake Station, IN",41.5785273,-87.2396748,FLYING J 650|1401 RIPLEY ST|LAKE STATION,FLYING J 650,1401 RIPLEY ST,LAKE STATION,IN,,41.58641714,-87.23927189,0.55,2.439,3.019,3.489,4.159,Pilot,,,,2026-02-24T02:08:01.857368+00:00,,Yes,2026-02-24T02:08:01.857376+00:00,650
"Road Ranger #240 - Lake Station, IN",41.5785273,-87.2396748,LAKE GOLO|3600 CENTRAL AVE|LAKE,LAKE GOLO,3600 CENTRAL AVE,LAKE,,,41.57488503,-87.23948748,0.25,,,,,Wex,,,,,,No,,
"Road Ranger #240 - Lake Station, IN",41.5785273,-87.2396748,LUKE 235|2178 RIPLEY ST|LAKE,LUKE 235,2178 RIPLEY ST,LAKE,,,41.57835925,-87.24047752,0.04,,,3.439,3.999,Wex,,True,True,2026-02-23T20:36:51.257000,1771879011257,No,,
"Road Ranger #240 - Lake Station, IN",41.5785273,-87.2396748,MR FUEL 1020|1235 RIPLEY ST|LAKE STATION,MR FUEL 1020,1235 RIPLEY ST,LAKE STATION,IN,,41.58832075,-87.2394769,0.68,2.439,3.029,3.479,3.859,Pilot,,,,2026-02-24T02:08:03.480733+00:00,,Yes,2026-02-24T02:08:03.480741+00:00,1020
"Road Ranger #242 - Saint Robert, MO",37.8362414,-92.0993155,Phillips - 14130|14130 HIGHWAY Z|SAINT ROBERT,Phillips - 14130,14130 HIGHWAY Z,SAINT ROBERT,MO,65584-3750,37.833308,-92.098426,0.21,2.499,2.799,3.099,3.299,PHILLIPS 66,9999999999,,,2026-02-24T02:11:04.426855+00:00,,Yes,2026-02-24T02:11:04.426885+00:00,93b4c412-1a4a-4ecf-b80d-432a0e702145
"Road Ranger #242 - Saint Robert, MO",37.8362414,-92.0993155,FLYING J 673|825 N LOOP DR|SULLIVAN,FLYING J 673,825 N LOOP DR,SULLIVAN,MO,63080,38.225924,-91.157,57.88,2.659,3.169,3.529,3.859,PILOT,5738608880,,,2026-02-24T02:08:05.079085+00:00,,Yes,2026-02-24T02:08:05.079092+00:00,673
"Road Ranger #242 - Saint Robert, MO",37.8362414,-92.0993155,CENEX|681 OLD RTE 66|SAINT ROBERT,CENEX,681 OLD RTE 66,SAINT ROBERT,MO,65065-3338,37.8226802,-92.16412889,3.62,2.329,,,3.189,CENEX,5733481445,True,True,2026-02-23T23:51:36.828000,1771890696828,No,,
"Road Ranger #242 - Saint Robert, MO",37.8362414,-92.0993155,JONESYS TRAVEL CENTE|2031 W ELM ST|LEBANON,JONESYS TRAVEL CENTE,2031 W ELM ST,LEBANON,MO,65536-3905,37.64876,-92.66957,33.74,2.359,,,3.079,UNKNOWN,4175882281,False,True,2026-02-24T01:20:24.382000,1771896024382,No,,
"Road Ranger #242 - Saint Robert, MO",37.8362414,-92.0993155,L W PERUSSE OIL CO.|333 HIGHWAY Z|SAINT ROBERT,L W PERUSSE OIL CO.,333 HIGHWAY Z,SAINT ROBERT,MO,65584-4649,37.822771,-92.140811,2.45,2.359,3.099,,,CENEX,5733365220,False,False,2026-02-04T17:08:20.225000,1770224900225,No,,
"Road Ranger #242 - Saint Robert, MO",37.8362414,-92.0993155,"Love's Travel Stop in Rolla , MO. Store #341|3500 Hy Point Ind. Park Dr.|Rolla","Love's Travel Stop in Rolla , MO. Store #341",3500 Hy Point Ind. Park Dr.,Rolla ,MO,65401,37.981593,-91.71933,23.02,2.699,3.099,3.399,3.849,Love's,(573) 426-5683,,,2026-02-24T02:09:37.729596+00:00,,Yes,2026-02-24T02:09:37.729608+00:00,
"Road Ranger #242 - Saint Robert, MO",37.8362414,-92.0993155,MAVERIK|130 OLD RTE|SAINT ROBERT,MAVERIK,130 OLD RTE 66,SAINT ROBERT,MO,,37.82225433,-92.14425824,2.6,2.699,3.199,3.299,3.599,MAVERIK,,,,2026-02-24T02:11:30.510508+00:00,,Yes,2026-02-24T02:11:30.510508+00:00,
"Road Ranger #242 - Saint Robert, MO",37.8362414,-92.0993155,ON THE RUN #250|122 SAINT ROBERT BLVD|SAINT ROBERT,ON THE RUN #250,122 SAINT ROBERT BLVD,SAINT ROBERT,MO,65584-3311,37.82702,-92.14528,2.59,2.699,2.819,3.599,3.289,EXXONMOBIL,5733365853,False,True,2026-02-24T00:35:07.329000,1771893307329,No,,
"Road Ranger #263 - Ottawa, IL",41.3789124,-88.7772025,JOHNSON OIL CO.|3074 N STATE ROUTE 71|OTTAWA,JOHNSON OIL CO.,3074 N STATE ROUTE 71,OTTAWA,IL,61350-9707,41.37198,-88.78345,0.58,2.669,,3.519,3.899,SHELL,8154347581,False,True,2026-02-24T01:38:30.886000,1771897110886,No,,
"Road Ranger #263 - Ottawa, IL",41.3789124,-88.7772025,"Love's Travel Stop in Utica , IL. Store #351|3020 E. 8th Rd.|Utica|RR263","Love's Travel Stop in Utica , IL. Store #351",3020 E. 8th Rd.,Utica ,IL,61373,41.370086,-89.00914,12.08,2.499,2.999,3.449,4.089,Love's,(815) 667-4572,,,2026-02-24T02:09:26.930173+00:00,,Yes,2026-02-24T02:09:26.930176+00:00,
"Road Ranger #263 - Ottawa, IL",41.3789124,-88.7772025,PILOT 483|3801 N DIVISION ST|MORRIS,PILOT 483,3801 N DIVISION ST,MORRIS,IL,60450-9435,41.39585,-88.42249,18.42,2.799,3.449,4.019,4.099,PILOT,8157050120,,,2026-02-24T02:08:06.670146+00:00,,Yes,2026-02-24T02:08:06.670154+00:00,483
"Road Ranger #263 - Ottawa, IL",41.3789124,-88.7772025,THORNTONS #222364|102 W ETNA RD|OTTAWA,THORNTONS #222364,102 W ETNA RD,OTTAWA,IL,61350-1001,41.37279,-88.83682,3.12,2.849,3.289,3.719,3.799,THORNTONS,5023398385,,,2026-02-23 20:44:20,,Yes,2026-02-24T02:09:22.167441+00:00,
"Road Ranger #265 - Dixon, IL",41.8225492,-89.4751038,CASEYS #4384|1751 S GALENA AVE|DIXON,CASEYS #4384,1751 S GALENA AVE,DIXON,IL,61021,41.824132,-89.474619,0.11,2.719,,3.669,3.799,CASEY'S GENERAL STORE,8882273970,,,02/23/2026 18:59:13 PM,,Yes,2026-02-24T02:08:49.995300+00:00,4384
"Road Ranger #265 - Dixon, IL",41.8225492,-89.4751038,MURPHY 7165 ATWALMRT|1620 S GALENA AVE|DIXON,MURPHY 7165 ATWALMRT,1620 S GALENA AVE,DIXON,IL,61021-9611,41.827062,-89.475393,0.31,2.679,3.179,3.479,3.699,MURPHY USA,8708816817,,,2026-02-23T17:12:25.413Z,,Yes,2026-02-24T02:10:27.141091+00:00,
"Road Ranger #266 - New Berlin, IL",39.7325419,-89.9245933,"Love's Travel Stop in South Jacksonville, IL. Store #687|201 Loves Dr|South Jacksonville","Love's Travel Stop in South Jacksonville, IL. Store #687",201 Loves Dr,South Jacksonville,IL,62650,39.689652,-90.230048,16.5,2.759,3.259,3.709,4.089,Love's,(217) 243-0400,,,2026-02-24T02:09:38.670616+00:00,,Yes,2026-02-24T02:09:38.670628+00:00,
"Road Ranger #267 - Pharr, TX",26.09359296,-98.20167933,RIVER MART|914 W MILITARY HWY|PHARR,RIVER MART,914 W MILITARY HWY,PHARR,,,26.09669724,-98.2125432,0.71,,,,,Wex,,,,,,No,,
"Road Ranger #267 - Pharr, TX",26.09359296,-98.20167933,Valero - 10701|10701 S CAGE BLVD|PHARR,Valero - 10701,10701 S CAGE BLVD,PHARR,TX,78577-8467,26.087621,-98.201982,0.41,3.359,2.759,,,VALERO,9567029919,,,2026-02-24T02:11:13.209759+00:00,,Yes,2026-02-24T02:11:13.209794+00:00,1479a7ca-c35e-481d-9e33-bf40013736cc
"Road Ranger #267 - Pharr, TX",26.09359296,-98.20167933,SUNOCO SRVC STATION|7401 S JACKSON RD|PHARR,SUNOCO SRVC STATION,7401 S JACKSON RD,PHARR,TX,78577,26.12549061,-98.2160992,2.07,2.759,3.359,,3.399,SUNOCO,9999999999,False,True,2026-02-24T00:50:21.689000,1771894221689,No,,
"Road Ranger #268 - Grayville, IL",38.2401076,-87.9991526,CASEYS #2514|306 N COURT ST|GRAYVILLE,CASEYS #2514,306 N COURT ST,GRAYVILLE,IL,62844-1205,38.259746,-87.99629,1.37,2.999,,,3.899,CASEY'S GENERAL STORE,6183757920,,,02/23/2026 18:59:13 PM,,Yes,2026-02-24T02:08:49.995316+00:00,2514
"Road Ranger #268 - Grayville, IL",38.2401076,-87.9991526,HUCKS 101|552 N COURT ST|GRAYVILLE,HUCKS 101,552 N COURT ST,GRAYVILLE,IL,62844-1207,38.26199,-87.99628,1.52,2.949,,,,MARTIN & BAYLEY,6183757062,False,True,2026-02-23T21:07:45.126000,1771880865126,No,,
"Road Ranger #268 - Grayville, IL",38.2401076,-87.9991526,"Love's Travel Stop in Haubstadt, IN. Store #414|901 East 1250 South|Haubstadt","Love's Travel Stop in Haubstadt, IN. Store #414",901 East 1250 South,Haubstadt,IN,47639,38.17337,-87.55159,24.73,2.899,3.399,3.899,4.189,Love's,(812) 768-5838,,,2026-02-24T02:09:39.721308+00:00,,Yes,2026-02-24T02:09:39.721321+00:00,
"Road Ranger #268 - Grayville, IL",38.2401076,-87.9991526,PILOT|4610 BROADWAY ST|MT,PILOT,4610 BROADWAY ST,MT,,,38.31265427,-88.96099905,52.41,2.959,3.559,4.049,4.099,Pilot,,,,2026-02-24T02:08:08.250078+00:00,,Yes,2026-02-24T02:08:08.250086+00:00,482
"Road Ranger #269 - Marshall, IL",39.4244757,-87.6917016,CLARK COUNTY FUELS L|105 S MICHIGAN AVE|MARSHALL,CLARK COUNTY FUELS L,105 S MICHIGAN AVE,MARSHALL,IL,62441-1438,39.391266,-87.693761,2.3,2.899,3.799,,3.849,MARATHON,2178265619,False,True,2026-02-23T22:47:21.921000,1771886841921,No,,
"Road Ranger #269 - Marshall, IL",39.4244757,-87.6917016,"Love's Travel Stop in Greenup, IL. Store #688|203 N Haughton Hwy|Greenup","Love's Travel Stop in Greenup, IL. Store #688",203 N Haughton Hwy,Greenup,IL,62428,39.253591,-88.152286,27.3,2.949,3.449,3.899,4.089,Love's,(217) 923-3220,,,2026-02-24T02:09:40.692099+00:00,,Yes,2026-02-24T02:09:40.692112+00:00,
"Road Ranger #269 - Marshall, IL",39.4244757,-87.6917016,ONE9|5555 E MARGARET DR|TERRE,ONE9,5555 E MARGARET DR,TERRE,,,39.43335403,-87.33222599,19.2,2.959,3.489,3.989,3.799,Pilot,,,,2026-02-24T02:08:09.825273+00:00,,Yes,2026-02-24T02:08:09.825282+00:00,297
"Road Ranger #269 - Marshall, IL",39.4244757,-87.6917016,PILOT 1174|104 W TREFZ DR|MARSHALL,PILOT 1174,104 W TREFZ DR,MARSHALL,IL,62441-3828,39.417852,-87.693623,0.47,2.899,3.449,3.999,4.099,PILOT,8005626210,,,2026-02-24T02:08:11.421157+00:00,,Yes,2026-02-24T02:08:11.421165+00:00,1174
"Road Ranger #269 - Marshall, IL",39.4244757,-87.6917016,Pilot|2500 N 3RD ST|,Pilot,2500 N 3RD ST,,,,39.14919773,-88.53069366,48.73,2.699,3.259,3.809,4.099,Pilot,,,,2026-02-24T02:08:13.002520+00:00,,Yes,2026-02-24T02:08:13.002528+00:00,165
"Road Ranger #269 - Marshall, IL",39.4244757,-87.6917016,SHELL SERVICE STATIO|1803 IL -1|MARSHALL,SHELL SERVICE STATIO,1803 IL -1,MARSHALL,IL,62441,39.41733797,-87.69275058,0.52,2.899,3.399,,3.699,SHELL,2174427667,False,True,2026-02-23T22:10:35.986000,1771884635986,No,,
"Road Ranger #270 - Moore, TX",29.0290735,-99.0507167,"Love's Travel Stop in Natalia, TX. Store #471|21548 FM 471 S|Natalia","Love's Travel Stop in Natalia, TX. Store #471",21548 FM 471 S,Natalia,TX,78059,29.184841,-98.846451,16.37,2.539,3.039,3.389,3.749,Love's,(830) 663-5540,,,2026-02-24T02:09:41.724215+00:00,,Yes,2026-02-24T02:09:41.724234+00:00,
"Road Ranger #270 - Moore, TX",29.0290735,-99.0507167,PILOT|14555 INTERSTATE 35|VAN,PILOT,14555 INTERSTATE 35,VAN,,,29.27977918,-98.66878092,28.83,2.799,3.359,3.849,3.759,Pilot,,,,2026-02-24T02:08:14.581991+00:00,,Yes,2026-02-24T02:08:14.582000+00:00,568
"Road Ranger #270 - Moore, TX",29.0290735,-99.0507167,Petro Travel Center|110 I-35 Frontage Rd|PEARSALL,Petro Travel Center,110 I-35 Frontage Rd,PEARSALL,TX,78061,28.89964217,-99.11579448,9.78,,,,3.549,PETRO,,,,2026-02-24T02:10:48.487435+00:00,,Yes,2026-02-24T02:10:48.487470+00:00,
"Road Ranger #270 - Moore, TX",29.0290735,-99.0507167,RAM OIL LTD. LLP|1104 W COMAL ST|PEARSALL,RAM OIL LTD. LLP,1104 W COMAL ST,PEARSALL,TX,78061-1712,28.892375,-99.105422,10.01,2.699,3.199,,3.399,SHELL,8303348754,False,True,2026-02-24T00:07:21.165000,1771891641165,No,,
"Road Ranger #271 - Odessa, TX",31.7638389,-102.3653369,ALLSUPS|3330 FM 866|ODESS,ALLSUPS,3330 FM 866,ODESSA,TX,,31.76377834,-102.542546,4.04,,,,,Wex,,,,,,No,,
"Road Ranger #271 - Odessa, TX",31.7638389,-102.3653369,FLYING J #1206|700 E HWY 302|KERMIT|RR271,FLYING J #1206,700 E HWY 302,KERMIT,TX,79745,31.85459,-103.09413,34.88,2.659,3.239,3.589,3.859,PILOT,8005626210,,,2026-02-24T02:08:30.447755+00:00,,Yes,2026-02-24T02:08:30.447764+00:00,1206
"Road Ranger #271 - Odessa, TX",31.7638389,-102.3653369,"Love's Travel Stop in Odessa , TX. Store #339|1901 W. I-20|Odessa","Love's Travel Stop in Odessa , TX. Store #339",1901 W. I-20,Odessa ,TX,79766,31.817324,-102.380801,6.1,2.559,3.059,3.409,3.789,Love's,(432) 335-7062,,,2026-02-24T02:09:42.681171+00:00,,Yes,2026-02-24T02:09:42.681183+00:00,
"Road Ranger #271 - Odessa, TX",31.7638389,-102.3653369,PILOT # 1147|127 W STATE HIGHWAY 302|KERMIT,PILOT # 1147,127 W STATE HIGHWAY 302,KERMIT,TX,79745-5116,31.846144,-103.091434,36.91,2.659,3.209,3.569,3.859,PILOT,8654745533,,,2026-02-24T02:08:17.755517+00:00,,Yes,2026-02-24T02:08:17.755524+00:00,1147
"Road Ranger #271 - Odessa, TX",31.7638389,-102.3653369,PILOT 1161|3145 METEOR CRATER RD|ODESSA,PILOT 1161,3145 METEOR CRATER RD,ODESSA,TX,79763-2451,31.75718,-102.47863,0.25,2.579,3.029,3.459,3.799,PILOT,8005626210,,,2026-02-24T02:08:19.340585+00:00,,Yes,2026-02-24T02:08:19.340593+00:00,1161
"Road Ranger #271 - Odessa, TX",31.7638389,-102.3653369,PILOT 1207|101 S LOOP 464 RD|MONAHANS|RR271,PILOT 1207,101 S LOOP 464 RD,MONAHANS,TX,79756-2801,31.57058,-102.90902,29.28,2.699,3.279,3.629,3.859,PILOT,8005626210,,,2026-02-24T02:08:33.653899+00:00,,Yes,2026-02-24T02:08:33.653907+00:00,1207
"Road Ranger #271 - Odessa, TX",31.7638389,-102.3653369,SHELL SERVICE STATIO|5934 W INTERSTATE 20|ODESSA,SHELL SERVICE STATIO,5934 W INTERSTATE 20,ODESSA,TX,79763,31.81071,-102.43352,5.15,2.449,2.849,,3.169,SHELL,4323815569,False,True,2026-02-24T01:58:15.962000,1771898295962,No,,
"Road Ranger #272 - Encinal, TX",28.0469596,-99.3485642,"Love's Travel Stop in Cotulla, TX. Store #862|1963 S IH 35|Cotulla","Love's Travel Stop in Cotulla, TX. Store #862",1963 S IH 35,Cotulla,TX,78014,28.416391,-99.250318,26.22,2.709,3.209,3.559,3.789,Love's,(830) 879-7101,,,2026-02-24T02:09:44.533825+00:00,,Yes,2026-02-24T02:09:44.533837+00:00,
"Road Ranger #272 - Encinal, TX",28.0469596,-99.3485642,"Love's Travel Stop in Encinal, TX. Store #298|28527 I-35|Encinal","Love's Travel Stop in Encinal, TX. Store #298",28527 I-35,Encinal,TX,78019,28.045577,-99.348797,0.1,2.499,2.999,3.349,3.849,Love's,(956) 948-7044,,,2026-02-24T02:09:43.627041+00:00,,Yes,2026-02-24T02:09:43.627053+00:00,
"Road Ranger #273 - Combes, TX",26.248973,-97.7290958,Valero - 21469|21469 US 77|Harlingen ,Valero - 21469,21469 US 77,Harlingen ,TX,,26.24794691,-97.72595388,0.21,2.299,2.899,3.299,3.399,VALERO,,,,2026-02-24T02:11:14.882275+00:00,,Yes,2026-02-24T02:11:14.882307+00:00,9454a4f0-caea-46cc-9a58-57906d297d22
"Road Ranger #273 - Combes, TX",26.248973,-97.7290958,"Love's Travel Stop in Brownsville, TX. Store #767|3400 Nafta Parkway|Brownsville","Love's Travel Stop in Brownsville, TX. Store #767",3400 Nafta Parkway,Brownsville,TX,78526,25.954858,-97.418534,28.01,2.759,3.259,3.609,3.749,Love's,(956) 831-6770,,,2026-02-24T02:09:48.478638+00:00,,Yes,2026-02-24T02:09:48.478651+00:00,
"Road Ranger #273 - Combes, TX",26.248973,-97.7290958,"Love's Travel Stop in Donna, TX. Store #739|545 W I-2|Donna","Love's Travel Stop in Donna, TX. Store #739",545 W I-2,Donna,TX,78537,26.182717,-98.06724,21.46,2.289,2.789,3.139,3.789,Love's,(956) 464-1133,,,2026-02-24T02:09:47.500459+00:00,,Yes,2026-02-24T02:09:47.500471+00:00,
"Road Ranger #273 - Combes, TX",26.248973,-97.7290958,"Love's Travel Stop in Harlingen, TX. Store #885|21379 US 77 Expressway|Harlingen","Love's Travel Stop in Harlingen, TX. Store #885",21379 US 77 Expressway,Harlingen,TX,78550,26.249206,-97.726688,0.15,2.299,2.799,3.149,3.789,Love's,(956) 507-7934,,,2026-02-24T02:09:46.447411+00:00,,Yes,2026-02-24T02:09:46.447424+00:00,
"Road Ranger #273 - Combes, TX",26.248973,-97.7290958,"Love's Travel Stop in Kingsville, TX. Store #327|1451 N US Highway 77 Byp|Kingsville","Love's Travel Stop in Kingsville, TX. Store #327",1451 N US Highway 77 Byp,Kingsville,TX,78363,27.529889,-97.842143,88.78,2.299,2.799,3.149,3.739,Love's,(361) 592-7210,,,2026-02-24T02:09:49.495136+00:00,,Yes,2026-02-24T02:09:49.495149+00:00,
"Road Ranger #275 - Sonora, TX",30.580391,-100.646245,"Love's Travel Stop in Sonora, TX. Store #700|3880 Loop 467|Sonora","Love's Travel Stop in Sonora, TX. Store #700",3880 Loop 467,Sonora,TX,76950,30.571142,-100.585636,3.66,2.599,3.099,3.449,3.999,Love's,(325) 387-2768,,,2026-02-24T02:09:50.426146+00:00,,Yes,2026-02-24T02:09:50.426159+00:00,
"Road Ranger #275 - Sonora, TX",30.580391,-100.646245,PILOT|2342 N MAIN ST|JUNCTION,PILOT,2342 N MAIN ST,JUNCTION,,,30.50566785,-99.7764677,52.02,2.479,3.129,3.729,3.959,Pilot,,,,2026-02-24T02:08:22.514978+00:00,,Yes,2026-02-24T02:08:22.514986+00:00,1006
"Road Ranger #275 - Sonora, TX",30.580391,-100.646245,SUNOCO SRVC STATION|805 N CROCKETT AVE|SONORA,SUNOCO SRVC STATION,805 N CROCKETT AVE,SONORA,TX,76590,30.57478422,-100.6520307,0.55,2.899,,,,SUNOCO,2108243892,False,True,2026-02-24T01:10:27.854000,1771895427854,No,,
"Road Ranger #276 - Waco, TX",31.6506875,-97.0989245,ABBOTT TRAVEL CENTER|1197 IH 35 S|ABBOTT,ABBOTT TRAVEL CENTER,1197 IH 35 S,ABBOTT,TX,76621-3111,31.89967,-97.090915,17.21,2.799,3.899,,3.399,EXXONMOBIL,2548636826,False,True,2026-02-24T01:36:53.952000,1771897013952,No,,
"Road Ranger #276 - Waco, TX",31.6506875,-97.0989245,CHEVRON 0200164|705 NEW DALLAS HWY|LACY LAKEVIEW,CHEVRON 0200164,705 NEW DALLAS HWY,LACY LAKEVIEW,TX,76705-1732,31.60719,-97.11074,3.08,2.369,,3.389,3.499,CHEVRON,9999999999,True,True,2026-02-24T00:28:31.338000,1771892911338,No,,
"Road Ranger #276 - Waco, TX",31.6506875,-97.0989245,PILOT 739|2409 S NEW RD|WACO,PILOT 739,2409 S NEW RD,WACO,TX,,31.5075712,-97.1451705,10.25,2.799,3.399,3.849,3.759,Pilot,,,,2026-02-24T02:08:24.105455+00:00,,Yes,2026-02-24T02:08:24.105463+00:00,739
"Road Ranger #276 - Waco, TX",31.6506875,-97.0989245,CIRCLE K #2741564|1301 N LOOP 340|LACY LAKEVIEW,CIRCLE K #2741564,1301 N LOOP 340,LACY LAKEVIEW,TX,76705-2473,31.604745,-97.11015,3.24,2.799,3.399,3.799,3.499,VALERO,2548671407,,,2026-02-23 10:13:00.0,,Yes,2026-02-24T02:09:08.630110+00:00,2741564
"Road Ranger #276 - Waco, TX",31.6506875,-97.0989245,"Love's Travel Stop in Hillsboro, TX. Store #231|1501 Corsicana Hwy|Hillsboro|RR276","Love's Travel Stop in Hillsboro, TX. Store #231",1501 Corsicana Hwy,Hillsboro,TX,76645,32.00952,-97.093528,24.8,2.599,3.049,3.449,3.749,Love's,(254) 582-2101,,,2026-02-24T02:09:51.464936+00:00,,Yes,2026-02-24T02:09:51.464949+00:00,
"Road Ranger #276 - Waco, TX",31.6506875,-97.0989245,PILOT|8055 S IH 35|ROBINSON,PILOT,8055 S IH 35,ROBINSON,,,31.4563268,-97.17167574,14.1,2.799,3.299,3.729,3.759,Pilot,,,,2026-02-24T02:08:25.687221+00:00,,Yes,2026-02-24T02:08:25.687264+00:00,432
"Road Ranger #277 - New Boston, TX",33.4772576,-94.4104669,CIRCLE K|905 N MCCOY BLVD|NEW,CIRCLE K,905 N MCCOY BLVD,New Boston,TX,,33.47614076,-94.40983703,0.09,2.499,3.099,3.499,3.199,Circlek,,,,2026-02-23 15:44:00.0,,Yes,2026-02-24T02:09:10.704515+00:00,2744522
"Road Ranger #277 - New Boston, TX",33.4772576,-94.4104669,"Love's Travel Stop in Leary, TX. Store #473|451 Leary Road|Leary","Love's Travel Stop in Leary, TX. Store #473",451 Leary Road,Leary,TX,75501,33.463426,-94.204244,11.92,2.699,3.199,3.549,3.749,Love's,(903) 838-0856,,,2026-02-24T02:09:53.274273+00:00,,Yes,2026-02-24T02:09:53.274285+00:00,
"Road Ranger #277 - New Boston, TX",33.4772576,-94.4104669,"Love's Travel Stop in New Boston, TX. Store #852|2486 US Hwy-82 W|New Boston","Love's Travel Stop in New Boston, TX. Store #852",2486 US Hwy-82 W,New Boston,TX,75570,33.472121,-94.461214,2.95,2.499,2.999,3.349,3.789,Love's,(903) 417-6056,,,2026-02-24T02:09:52.381526+00:00,,Yes,2026-02-24T02:09:52.381538+00:00,
"Road Ranger #277 - New Boston, TX",33.4772576,-94.4104669,EXXON|900 N MCCOY BLVD|New Boston,EXXON,900 N MCCOY BLVD,New Boston,TX,75570,33.47599821,-94.40887421,0.12,2.499,2.999,3.499,3.499,EXXONMOBIL,9038316999,False,True,2026-02-24T01:55:41.585000,1771898141585,No,,
"Road Ranger #277 - New Boston, TX",33.4772576,-94.4104669,SHELL SERVICE STATIO|708 N MCCOY BLVD|New Boston,SHELL SERVICE STATIO,708 N MCCOY BLVD,New Boston,TX,75570,33.47291959,-94.40859709,0.32,2.499,3.189,3.559,3.189,SHELL,8707748055,False,True,2026-02-24T00:13:36.270000,1771892016270,No,,
"Road Ranger #277 - New Boston, TX",33.4772576,-94.4104669,TIGER MART 88|1888 W US HIGHWAY 82|NEW BOSTON,TIGER MART 88,1888 W US HIGHWAY 82,NEW BOSTON,TX,75570-5983,33.470319,-94.452394,2.46,2.799,3.399,,3.499,EXXONMOBIL,4695172004,False,True,2026-02-24T01:27:53.286000,1771896473286,No,,
"Road Ranger #278 - Brinkley, AR",34.912517,-91.193759,BRINKLEY MOBIL JFS #|2102 N HWY 49|BRINKLEY,BRINKLEY MOBIL JFS #,2102 N HWY 49,BRINKLEY,AR,72021,34.87612,-91.18897,0.06,2.399,,,3.299,EXXONMOBIL,8705892269,True,True,2026-02-23T19:22:07.877000,1771874527877,No,,
"Road Ranger #278 - Brinkley, AR",34.912517,-91.193759,Phillips - 1920|1920 N MAIN ST|BRINKLEY,Phillips - 1920,1920 N MAIN ST,BRINKLEY,AR,72021,34.911796,-91.19591,0.1,2.339,3.199,3.599,3.299,PHILLIPS 66,9999999999,,,2026-02-24T02:11:06.023271+00:00,,Yes,2026-02-24T02:11:06.023291+00:00,3ce041cd-21c3-4a6a-b6a9-10206e99e123
"Road Ranger #278 - Brinkley, AR",34.912517,-91.193759,JORDANS KWIK STOP #8|1414 N MAIN ST|BRINKLEY,JORDANS KWIK STOP #8,1414 N MAIN ST,BRINKLEY,AR,72021-2006,34.9058,-91.19805,0.53,2.499,,3.499,3.499,EXXONMOBIL,8707341124,False,True,2026-02-24T01:05:07.930000,1771895107930,No,,
"Road Ranger #278 - Brinkley, AR",34.912517,-91.193759,"Love's Travel Stop in Palestine, AR. Store #275|1010 N Main St|Palestine","Love's Travel Stop in Palestine, AR. Store #275",1010 N Main St,Palestine,AR,72372,34.986489,-90.905235,17.12,2.439,2.889,3.239,3.849,Love's,(870) 581-5004,,,2026-02-24T02:09:54.635503+00:00,,Yes,2026-02-24T02:09:54.635515+00:00,
"Road Ranger #278 - Brinkley, AR",34.912517,-91.193759,ONE9|2101 HWY 49|BRINKLEY,ONE9,2101 HWY 49,BRINKLEY,,,34.91257725,-91.19620422,0.09,2.339,2.589,2.839,3.399,Pilot,,,,2026-02-24T02:08:27.270042+00:00,,Yes,2026-02-24T02:08:27.270049+00:00,1330
"Road Ranger #279 - Marion, IL",37.6197159,-88.9859542,CASEYS #3391|2314 W MAIN ST|MARION,CASEYS #3391,2314 W MAIN ST,MARION,IL,62959-1199,37.730019,-88.95473,7.81,2.999,,3.859,3.899,CASEY'S GENERAL STORE,6183561742,,,02/23/2026 18:59:13 PM,,Yes,2026-02-24T02:08:49.995335+00:00,3391
"Road Ranger #279 - Marion, IL",37.6197159,-88.9859542,"Love's Travel Stop in Marion, IL. Store #803|1900 The Hill Ave|Marion","Love's Travel Stop in Marion, IL. Store #803",1900 The Hill Ave,Marion,IL,62959,37.745682,-88.949251,8.93,2.959,3.459,3.909,4.189,Love's,(618) 944-6409,,,2026-02-24T02:09:55.614518+00:00,,Yes,2026-02-24T02:09:55.614531+00:00,
"Road Ranger #279 - Marion, IL",37.6197159,-88.9859542,PILOT #595|2611 VERNELL RD|MARION,PILOT #595,2611 VERNELL RD,MARION,IL,62959,37.74066,-88.965053,8.43,2.959,3.469,3.959,4.199,PILOT,6189932697,,,2026-02-24T02:08:28.858422+00:00,,Yes,2026-02-24T02:08:28.858429+00:00,595
"Road Ranger #279 - Marion, IL",37.6197159,-88.9859542,SHAH PETROLEUM LLC|1754 ILLINOIS 37|MARION,SHAH PETROLEUM LLC,1754 ILLINOIS 37,MARION,IL,62959,37.73495,-88.94037,0.59,2.899,,,,MARATHON,6189951683,False,True,2026-02-23T20:28:46.030000,1771878526030,No,,
"Road Ranger #280 - Monahans, TX",31.5694524,-102.9074723,FLYING J #1206|700 E HWY 302|KERMIT|RR280,FLYING J #1206,700 E HWY 302,KERMIT,TX,79745,31.85459,-103.09413,21.72,2.659,3.239,3.589,3.859,PILOT,8005626210,,,2026-02-24T02:08:30.447775+00:00,,Yes,2026-02-24T02:08:30.447782+00:00,1206
"Road Ranger #280 - Monahans, TX",31.5694524,-102.9074723,"Love's Travel Stop in Kermit, TX. Store #853|674 E State Hwy 302|Kermit","Love's Travel Stop in Kermit, TX. Store #853",674 E State Hwy 302,Kermit,TX,79745,31.8525,-103.069832,21.76,2.659,3.159,3.509,3.849,Love's,(432) 586-2777,,,2026-02-24T02:09:56.526842+00:00,,Yes,2026-02-24T02:09:56.526855+00:00,
"Road Ranger #280 - Monahans, TX",31.5694524,-102.9074723,"Love's Travel Stop in Pecos, TX. Store #492|5202 South Cedar St.|Pecos","Love's Travel Stop in Pecos, TX. Store #492",5202 South Cedar St. ,Pecos,TX,79772,31.399839,-103.479374,35.68,2.659,3.159,3.509,3.849,Love's,(432) 445-1490,,,2026-02-24T02:09:57.469012+00:00,,Yes,2026-02-24T02:09:57.469024+00:00,
"Road Ranger #280 - Monahans, TX",31.5694524,-102.9074723,PILOT|4840 I-20|MONAHANS,PILOT,4840 I-20,MONAHANS,,,31.61436876,-102.8111691,6.46,2.699,3.269,3.619,3.859,Pilot,,,,2026-02-24T02:08:32.071628+00:00,,Yes,2026-02-24T02:08:32.071636+00:00,1205
"Road Ranger #280 - Monahans, TX",31.5694524,-102.9074723,PILOT 1207|101 S LOOP 464 RD|MONAHANS|RR280,PILOT 1207,101 S LOOP 464 RD,MONAHANS,TX,79756-2801,31.57058,-102.90902,1.35,2.699,3.279,3.629,3.859,PILOT,8005626210,,,2026-02-24T02:08:33.653919+00:00,,Yes,2026-02-24T02:08:33.653926+00:00,1207
"Road Ranger #280 - Monahans, TX",31.5694524,-102.9074723,QUIKTRIP 7913|1907 S STOCKTON AVE|MONAHANS,QUIKTRIP 7913,1907 S STOCKTON AVE,MONAHANS,TX,79756-6507,31.577572,-102.891674,1.09,2.699,3.099,3.499,3.199,QUIKTRIP,8002473452,,,,,Yes,2026-02-24T02:10:34.877123+00:00,
"Road Ranger #281 - Cisco, TX",32.3732195,-98.9691457,ALLSUP'S 102105|2205 CONRAD HILTON BLVD|CISCO,ALLSUP'S 102105,2205 CONRAD HILTON BLVD,CISCO,TX,76437-5136,32.375715,-98.971227,0.17,2.399,,3.099,3.299,UNKNOWN,3256723578,False,True,2026-02-24T01:38:03.663000,1771897083663,No,,
"Road Ranger #281 - Cisco, TX",32.3732195,-98.9691457,"Love's Travel Stop in Ranger, TX. Store #270|6950 I-20|Ranger","Love's Travel Stop in Ranger, TX. Store #270",6950 I-20,Ranger,TX,76470,32.441748,-98.694499,16.71,2.379,2.879,3.229,3.749,Love's,(254) 647-3700,,,2026-02-24T02:09:58.410944+00:00,,Yes,2026-02-24T02:09:58.410957+00:00,
"Road Ranger #281 - Cisco, TX",32.3732195,-98.9691457,FLYING J 551|16851 I-20 FRONTAGE RD|CISCO,FLYING J 551,16851 I-20 FRONTAGE RD,CISCO,TX,76437,32.3738957,99.0072256,2.23,,,,3.759,Pilot,2549651366,,,2026-02-24T02:08:35.258796+00:00,,Yes,2026-02-24T02:08:35.258806+00:00,551
"Road Ranger #281 - Cisco, TX",32.3732195,-98.9691457,SUNOCO SRVC STATION|1500 INTERSTATE 20|CISCO,SUNOCO SRVC STATION,1500 INTERSTATE 20 FRONTAGE RD,CISCO,TX,76437-3664,32.37609654,-99.0030546,1.97,2.399,,3.099,3.639,SUNOCO,3257930423,False,True,2026-02-23T20:46:49.359000,1771879609359,No,,
"Road Ranger #282 - Gainesville, TX",33.6698776,-97.1523269,GAINESVILLE TRUCK ST.|3590 N INTERSTATE 35|GAINESVILLE,GAINESVILLE TRUCK ST.,3590 N INTERSTATE 35,GAINESVILLE,TX,76240-2084,33.66772,-97.15029,0.19,,,,,UNBRANDED,9402049079,False,False,,,No,,
"Road Ranger #282 - Gainesville, TX",33.6698776,-97.1523269,"Love's Travel Stop in Denton, TX. Store #609|6421 N I-35|Denton","Love's Travel Stop in Denton, TX. Store #609",6421 N I-35,Denton,TX,76207,33.263072,-97.179456,28.15,2.749,3.249,3.599,3.749,Love's,(940) 320-1457,,,2026-02-24T02:09:59.348235+00:00,,Yes,2026-02-24T02:09:59.348248+00:00,
"Road Ranger #282 - Gainesville, TX",33.6698776,-97.1523269,QUIKTRIP 1883|926 W HIGHWAY 82|GAINESVILLE,QUIKTRIP 1883,926 W HIGHWAY 82,GAINESVILLE,TX,76240-2526,33.64047,-97.15352,2.03,2.599,2.999,3.399,3.099,QUIKTRIP,8002473452,,,,,Yes,2026-02-24T02:10:36.094972+00:00,
"Road Ranger #282 - Gainesville, TX",33.6698776,-97.1523269,Valero - 1934|1934 N I-35|GAINESVILLE,Valero - 1934,1934 N I-35,GAINESVILLE,TX,76240-2100,33.64648,-97.15535,1.63,2.899,3.199,3.599,,VALERO,8178342868,,,2026-02-24T02:11:16.497214+00:00,,Yes,2026-02-24T02:11:16.497285+00:00,fa83e68d-58d8-4169-b58c-43ac8bfaa514
"Road Ranger #283 - Sealy, TX",29.7512182,-96.2665791,SUNOCO SRVC STATION|5058 NW I 10 FRONTAGE RD|SEALY,SUNOCO SRVC STATION,5058 NW I 10 FRONTAGE RD,SEALY,TX,77474-8792,29.76015318,-96.22245181,2.7,2.799,3.899,,,SUNOCO,,False,True,2026-02-23T21:40:31.283000,1771882831283,No,,
"Road Ranger #283 - Sealy, TX",29.7512182,-96.2665791,TA Bernardo|6701 US HWY 90|SEALY,TA Bernardo,6701 US HWY 90,SEALY,TX,77474,29.74266957,-96.33015623,3.89,2.499,2.949,3.449,3.849,TA-Petro,,,,2026-02-24T02:10:50.198740+00:00,,Yes,2026-02-24T02:10:50.198774+00:00,
"Road Ranger #283 - Sealy, TX",29.7512182,-96.2665791,PRASEK'S HILLJE SMOK|2949 SW I 10 FRONTAGE RD|SEALY,PRASEK'S HILLJE SMOK,2949 SW I 10 FRONTAGE RD,SEALY,TX,77474-9769,29.76202024,-96.18730048,4.78,2.619,3.019,3.519,3.279,EXXONMOBIL,,False,True,2026-02-23T23:55:15.042000,1771890915042,No,,
"Road Ranger #283 - Sealy, TX",29.7512182,-96.2665791,Valero - 6025|6025 N FM 3538 RD|SEALY,Valero - 6025,6025 N FM 3538 RD,SEALY,TX,77474-3478,29.76426233,-96.18547754,4.94,2.599,3.059,3.499,3.299,VALERO,,,,2026-02-24T02:11:18.100108+00:00,,Yes,2026-02-24T02:11:18.100138+00:00,bedfc7df-2b7f-4520-8d74-8b6a9c1a5c4d
"Road Ranger #283 - Sealy, TX",29.7512182,-96.2665791,"Love's Travel Stop in Katy, TX. Store #234|612 Pederson Rd.|Katy","Love's Travel Stop in Katy, TX. Store #234",612 Pederson Rd.,Katy,TX,77494,29.779813,-95.881907,23.12,2.299,2.799,3.149,3.789,Love's,,,,2026-02-24T02:10:00.412283+00:00,,Yes,2026-02-24T02:10:00.412297+00:00,
"Road Ranger #283 - Sealy, TX",29.7512182,-96.2665791,PILOT 1059|709 N US-77|SCHULENBURG,PILOT 1059,709 N US-77,SCHULENBURG,TX,78956,29.6950975,-96.9018332,38.35,2.559,3.009,3.379,3.799,PILOT,,,,2026-02-24T02:08:36.896375+00:00,,Yes,2026-02-24T02:08:36.896384+00:00,1059
"Road Ranger #284 - New Deal, TX",33.7366181,-101.8434558,FLYING J 733|602 MARSHA SHARP FWY|LUBBOCK,FLYING J 733,602 MARSHA SHARP FWY,LUBBOCK,TX,79401-1500,33.59224,-101.840982,9.98,2.199,2.689,3.019,3.699,PILOT,8067440539,,,2026-02-24T02:08:38.490080+00:00,,Yes,2026-02-24T02:08:38.490089+00:00,733
"Road Ranger #284 - New Deal, TX",33.7366181,-101.8434558,HOP IN 430469|101 E MAIN ST|NEW DEAL,HOP IN 430469,101 E MAIN ST,NEW DEAL,TX,79350,33.73449,-101.83749,0.37,2.279,,,3.539,PHILLIPS 66,8067464866,False,True,2026-02-24T00:01:50.276000,1771891310276,No,,
"Road Ranger #284 - New Deal, TX",33.7366181,-101.8434558,"Love's Travel Stop in Lubbock, TX. Store #589|4221 North Interstate 27|Lubbock","Love's Travel Stop in Lubbock, TX. Store #589",4221 North Interstate 27,Lubbock,TX,79403,33.641593,-101.839031,6.57,2.289,2.789,3.139,3.689,Love's,(806) 744-1531,,,2026-02-24T02:10:01.373704+00:00,,Yes,2026-02-24T02:10:01.373717+00:00,
"Road Ranger #284 - New Deal, TX",33.7366181,-101.8434558,Phillips - 1755|1755 S 9TH ST|SLATON,Phillips - 1755,1755 S 9TH ST,SLATON,TX,79364,33.422052,-101.642912,24.59,2.249,2.99,,,PHILLIPS 66,9999999999,,,2026-02-24T02:11:07.617878+00:00,,Yes,2026-02-24T02:11:07.617911+00:00,b0576e0e-d861-40f6-892d-f4b7938542d6
"Road Ranger #284 - New Deal, TX",33.7366181,-101.8434558,Phillips - 2424|2424 N LOOP 289|LUBBOCK,Phillips - 2424,2424 N LOOP 289,LUBBOCK,TX,79415-1144,33.621738,-101.868595,8.07,2.499,2.899,3.199,3.199,PHILLIPS 66,7188611709,,,2026-02-24T02:11:09.536310+00:00,,Yes,2026-02-24T02:11:09.536342+00:00,2b364085-ccc4-46a0-83d9-f7fee3cfd2b7
"Road Ranger #284 - New Deal, TX",33.7366181,-101.8434558,Valero - 5202|5202 ERSKINE ST|LUBBOCK,Valero - 5202,5202 ERSKINE ST,LUBBOCK,TX,79416,33.60685,-101.92417,10.1,2.399,2.649,2.999,3.199,VALERO,8068539514,,,2026-02-24T02:11:19.775343+00:00,,Yes,2026-02-24T02:11:19.775358+00:00,2f1beec2-89ca-4fa5-82d7-06b90255995d
"Road Ranger #285 - Seguin, TX",29.5713702,-98.0119416,CHEVRON 0383946|1810 W INTERSTATE 10|SEGUIN,CHEVRON 0383946,1810 W INTERSTATE 10,SEGUIN,TX,,29.58474394,-97.99443954,1.4,2.349,,,3.069,Wex,,True,True,2026-02-23T23:50:20.622000,1771890620622,No,,
"Road Ranger #285 - Seguin, TX",29.5713702,-98.0119416,CK. SITE #4028|1805 W INTERSTATE 10|SEGUIN,CK. SITE #4028,1805 W INTERSTATE 10,SEGUIN,TX,78155-2354,29.58202,-97.99511,1.25,2.799,3.399,3.799,3.499,CIRCLE K,8303721564,,,2026-02-23 11:14:00.0,,Yes,2026-02-24T02:09:12.860305+00:00,2704028
"Road Ranger #285 - Seguin, TX",29.5713702,-98.0119416,"Love's Travel Stop in Seguin, TX. Store #463|3158 I-10 W|Seguin","Love's Travel Stop in Seguin, TX. Store #463",3158 I-10 W,Seguin,TX,78155,29.561981,-98.034281,1.49,2.399,2.899,3.249,3.689,Love's,(830) 372-6190,,,2026-02-24T02:10:02.409397+00:00,,Yes,2026-02-24T02:10:02.409410+00:00,
"Road Ranger #285 - Seguin, TX",29.5713702,-98.0119416,QUIKTRIP 4044|200 E INTERSTATE 10|SEGUIN,QUIKTRIP 4044,200 E INTERSTATE 10,SEGUIN,TX,,29.60049345,-97.96413059,3.51,2.799,3.099,3.399,3.499,Quiktrip,,,,,,Yes,2026-02-24T02:10:37.419627+00:00,1003
"Road Ranger #285 - Seguin, TX",29.5713702,-98.0119416,SHELL SERVICE STATIO|2718 FM 725|NEW BRAUNFELS,SHELL SERVICE STATIO,2718 FM 725,NEW BRAUNFELS,TX,78132,29.66480896,-98.09432964,8.14,2.799,3.399,3.459,3.049,SHELL,8306291691,False,True,2026-02-24T01:26:21.411000,1771896381411,No,,
"Road Ranger #286 - Amarillo, TX",35.1934938,-101.7077997,BUC-EES|9900 I-40 E|AMARILLO,BUC-EES,9900 I-40 E,AMARILLO,TX,,35.19062824,-101.7229816,0.88,,,,,Wex,,,,,,No,,
"Road Ranger #286 - Amarillo, TX",35.1934938,-101.7077997,CEFCO 2005|5000 E INTERSTATE 40|AMARILLO,CEFCO 2005,5000 E INTERSTATE 40,AMARILLO,TX,79103-6212,35.19221,-101.77812,3.97,2.499,2.949,,3.199,UNBRANDED,2547910009,False,True,2026-02-23T23:33:20.839000,1771889600839,No,,
"Road Ranger #286 - Amarillo, TX",35.1934938,-101.7077997,FLYING J 723|9601 I40 E EXIT 76|AMARILLO,FLYING J 723,9601 I40 E EXIT 76,AMARILLO,TX,79111,35.204,-101.67153,0.89,2.499,2.839,3.199,3.759,PILOT,8063351475,,,2026-02-24T02:08:40.081663+00:00,,Yes,2026-02-24T02:08:40.081671+00:00,723
"Road Ranger #286 - Amarillo, TX",35.1934938,-101.7077997,"Love's Travel Stop in Amarillo, TX. Store #200|6930 I-40 E.|Amarillo","Love's Travel Stop in Amarillo, TX. Store #200",6930 I-40 E.,Amarillo,TX,79120,35.191927,-101.760945,3,2.399,2.899,3.249,3.749,Love's,(806) 373-7775,,,2026-02-24T02:10:04.026297+00:00,,Yes,2026-02-24T02:10:04.026308+00:00,
"Road Ranger #286 - Amarillo, TX",35.1934938,-101.7077997,Valero - 11301|11301 E INTERSTATE|AMARILLO,Valero - 11301,11301 E INTERSTATE,AMARILLO,TX,79118,35.193615,-101.706509,0.08,2.299,,,3.199,VALERO,8063359437,,,2026-02-24T02:11:21.458513+00:00,,Yes,2026-02-24T02:11:21.458542+00:00,be5a5bbd-e59e-467d-8e42-fd5cc5bf5730
"Road Ranger #286 - Amarillo, TX",35.1934938,-101.7077997,QUIKTRIP 7908|5105 E INTERSTATE 40|AMARILLO,QUIKTRIP 7908,5105 E INTERSTATE 40,AMARILLO,TX,79104-4238,35.19303,-101.77808,3.97,2.499,2.799,3.099,3.199,QUIKTRIP,8002473452,,,,,Yes,2026-02-24T02:10:38.627133+00:00,
"Road Ranger #286 - Amarillo, TX",35.1934938,-101.7077997,TA Amarillo|7000 E INTERSTATE 40|AMARILLO,TA Amarillo,7000 E INTERSTATE 40,AMARILLO,TX,79118,35.19143169,-101.7589598,2.89,2.399,2.899,3.349,3.859,TA-Petro,,,,2026-02-24T02:10:51.889188+00:00,,Yes,2026-02-24T02:10:51.889222+00:00,
"Road Ranger #286 - Amarillo, TX",35.1934938,-101.7077997,Valero - 8507|8507 E INTERSTATE 40|AMARILLO,Valero - 8507,8507 E INTERSTATE 40,AMARILLO,TX,79118-6983,35.19318,-101.73834,2.03,2.499,2.749,3.099,3.199,VALERO,8062200990,,,2026-02-24T02:11:23.365333+00:00,,Yes,2026-02-24T02:11:23.365362+00:00,b3329e23-9169-44e9-b63b-69506400c82c
"Road Ranger #287 - Bourbonnais, IL",41.2062779,-87.87091374,SPEEDWAY|604 Armour Rd|BOURBONNAIS,SPEEDWAY,604 Armour Rd,BOURBONNAIS,IL,60914,41.162158,-87.874589,2.99,2.689,3.289,3.789,4.099,Speedway,,,,2 hours ago,,Yes,2026-02-24T02:10:19.999803+00:00,
"Road Ranger #287 - Bourbonnais, IL",41.2062779,-87.87091374,LENNYS GAS N WASH BO|5916 N CONVENT ST|BOURBONNAIS,LENNYS GAS N WASH BO,5916 N CONVENT ST,BOURBONNAIS,IL,,41.17687,-87.87542,0.39,2.699,,3.998,3.799,Wex,,False,True,2026-02-23T23:26:25.111000,1771889185111,No,,
"Road Ranger #287 - Bourbonnais, IL",41.2062779,-87.87091374,"Love's Travel Stop in Kankakee, IL. Store #395|3407 South State Road 45/52|Kankakee","Love's Travel Stop in Kankakee, IL. Store #395",3407 South State Road 45/52,Kankakee,IL,60901,41.07094,-87.868694,9.18,2.599,3.099,3.549,4.089,Love's,(815) 929-1549,,,2026-02-24T02:10:05.052030+00:00,,Yes,2026-02-24T02:10:05.052042+00:00,
"Road Ranger #287 - Bourbonnais, IL",41.2062779,-87.87091374,PILOT|6002 W MONEE MANHATTAN RD|MONEE,PILOT,6002 W MONEE MANHATTAN RD,MONEE,IL,,41.42757974,-87.75688297,16.4,2.959,3.559,4.059,4.099,Pilot,,,,2026-02-24T02:08:41.700369+00:00,,Yes,2026-02-24T02:08:41.700377+00:00,39
"Road Ranger #287 - Bourbonnais, IL",41.2062779,-87.87091374,PEOTONE TRAVEL|601 S 88TH AVE|PEOTONE,PEOTONE TRAVEL,601 S 88TH AVE,PEOTONE,IL,60468,41.32538556,-87.82289561,8.67,,,,3.799,Wex,6309721070,False,True,2026-02-23T20:31:23.535000,1771878683535,No,,
"Road Ranger #289 - Teague, TX",31.5964732,-96.1467748,JET TRUCK STOP|771 STATE HIGHWAY 179|TEAGUE,JET TRUCK STOP,771 STATE HIGHWAY 179,TEAGUE,TX,75860-3055,31.59715,-96.15146,0.28,,,,,EXXONMOBIL,9033892672,False,False,,,No,,
"Road Ranger #289 - Teague, TX",31.5964732,-96.1467748,"Love's Travel Stop in Fairfield, TX. Store #288|299 I-45|Fairfield","Love's Travel Stop in Fairfield, TX. Store #288",299 I-45,Fairfield,TX,75840,31.728217,-96.182736,9.35,2.539,3.039,3.389,3.749,Love's,(903) 389-3967,,,2026-02-24T02:10:05.953193+00:00,,Yes,2026-02-24T02:10:05.953206+00:00,
"Road Ranger #289 - Teague, TX",31.5964732,-96.1467748,PILOT 1028|2605 W COMMERCE ST|BUFFALO,PILOT 1028,2605 W COMMERCE ST,BUFFALO,TX,75831-7777,31.447005,-96.07923,11.07,2.559,3.159,3.659,3.759,PILOT,9033229034,,,2026-02-24T02:08:43.280921+00:00,,Yes,2026-02-24T02:08:43.280929+00:00,1028
"Road Ranger #289 - Teague, TX",31.6506875,-97.0989245,"Love's Travel Stop in Hillsboro, TX. Store #231|1501 Corsicana Hwy|Hillsboro|RR289","Love's Travel Stop in Hillsboro, TX. Store #231",1501 Corsicana Hwy,Hillsboro,TX,76645,32.00952,-97.093528,62.21,2.599,3.049,3.449,3.749,Love's,(254) 582-2101,,,2026-02-24T02:09:51.464953+00:00,,Yes,2026-02-24T02:09:51.464956+00:00,
"Road Ranger #289 - Teague, TX",31.5964732,-96.1467748,TA Express Fairfield|300 E I 45|Fairfield,TA Express Fairfield,300 E I 45,Fairfield,TX,,31.72548824,-96.17748298,9.01,2.539,2.939,3.339,3.519,TA-Petro,,True,True,2026-02-24T01:58:49.179000,1771898329179,No,,
"Road Ranger #290 - Joplin, MO",37.0674002,-94.4032877,PILOT|4500 STATE HWY 43|SPRINGFIELD,PILOT,4500 STATE HWY 43,SPRINGFIELD,,,37.00453177,-94.55243529,9.3,2.499,3.099,3.369,3.799,Pilot,,,,2026-02-24T02:08:44.862262+00:00,,Yes,2026-02-24T02:08:44.862272+00:00,317
"Road Ranger #290 - Joplin, MO",37.0674002,-94.4032877,Phillips - 2100|2100 S PRIGMORE AVE|JOPLIN,Phillips - 2100,2100 S PRIGMORE AVE,JOPLIN,MO,64804-8187,37.06827,-94.40387,0.07,2.399,2.799,3.199,3.349,PHILLIPS 66,4177683030,,,2026-02-24T02:11:11.224801+00:00,,Yes,2026-02-24T02:11:11.224831+00:00,bf6bcb86-639e-4955-a417-bc8d4320a728
"Road Ranger #290 - Joplin, MO",37.0674002,-94.4032877,QUIKTRIP 7061|6601 E 32ND ST|JOPLIN,QUIKTRIP 7061,6601 E 32ND ST,JOPLIN,MO,64804-7959,37.05456,-94.430252,1.73,2.499,2.799,3.099,3.399,QUIKTRIP,8002473452,,,,,Yes,2026-02-24T02:10:39.828697+00:00,
"Road Ranger #312 - Vidor, TX",30.131185,-93.959974,FUEL BOX LLC|2410 N MAIN ST|VIDOR,FUEL BOX LLC,2410 N MAIN ST,VIDOR,TX,77662-2672,30.157373,-94.016974,3.86,2.399,,,3.099,EXXONMOBIL,4094224838,False,True,2026-02-23T19:00:41.719000,1771873241719,No,,
"Road Ranger #312 - Vidor, TX",30.131185,-93.959974,CHEVRON|1480 W FREEWAY BLVD|VIDOR,CHEVRON,1480 W FREEWAY BLVD,VIDOR,TX,77662,30.11238127,-94.04344688,5.15,2.699,,3.499,,UNKNOWN,4097832755,False,True,2026-02-23T22:52:40.348000,1771887160348,No,,
"Road Ranger #312 - Vidor, TX",30.131185,-93.959974,PILOT|2205 HIGHWAY 62 S|ORANGE,PILOT,2205 HIGHWAY 62 S,ORANGE,TX,,30.11188819,-93.82179327,8.37,2.249,2.799,3.339,3.699,Pilot,,,,2026-02-24T02:08:46.445896+00:00,,Yes,2026-02-24T02:08:46.445904+00:00,431
"Road Ranger #312 - Vidor, TX",30.131185,-93.959974,PILOT|7112 I-10 W|ORANGE,PILOT,7112 I-10 W,ORANGE,TX,,30.11638319,-93.81972279,8.44,2.249,2.829,3.339,3.699,Pilot,,,,2026-02-24T02:08:48.027632+00:00,,Yes,2026-02-24T02:08:48.027641+00:00,735
"Road Ranger #312 - Vidor, TX",30.131185,-93.959974,SHELL SERVICE STATIO|12330 IH-10|ORANGE,SHELL SERVICE STATIO,12330 IH-10,ORANGE,TX,77632,30.13077822,-93.88216464,4.67,,,,,SHELL,9363979740,,,,,No,,
"Road Ranger #312 - Vidor, TX",30.131185,-93.959974,Valero - 1010|1010 N MAIN ST|VIDOR,Valero - 1010,1010 N MAIN ST,VIDOR,TX,77662-4340,30.13586,-94.01641,3.39,2.499,3.199,3.599,2.999,VALERO,4097698694,,,2026-02-24T02:11:25.049713+00:00,,Yes,2026-02-24T02:11:25.049742+00:00,d29b9a30-710b-41b0-a4bc-06b1f7704284
"Road Ranger #315 - Laredo, TX",27.6536303,-99.5632614,"Love's Travel Stop in Laredo, TX. Store #762|101 Pinnacle Road|Laredo","Love's Travel Stop in Laredo, TX. Store #762",101 Pinnacle Road,Laredo,TX,78045,27.644615,-99.555428,0.79,2.599,3.099,3.449,3.849,Love's,(956) 727-6098,,,2026-02-24T02:10:07.005946+00:00,,Yes,2026-02-24T02:10:07.005958+00:00,
"Road Ranger #319 - Milford, TX",32.1336355,-96.952332,"Love's Travel Stop in Italy, TX. Store #628|1021 Dale Evans Dr|Italy","Love's Travel Stop in Italy, TX. Store #628",1021 Dale Evans Dr,Italy,TX,76651,32.193688,-96.898726,5.2,2.419,2.919,3.269,3.749,Love's,(972) 483-1686,,,2026-02-24T02:10:08.086608+00:00,,Yes,2026-02-24T02:10:08.086623+00:00,
"Road Ranger #319 - Milford, TX",32.1336355,-96.952332,SHELL SERVICE STATIO|1020 DALE EVANS DR|ITALY,SHELL SERVICE STATIO,1020 DALE EVANS DR,ITALY,TX,76651-3540,32.195012,-96.89801,5.34,2.419,3.099,3.599,3.699,SHELL,4692572121,True,True,2026-02-24T01:14:21.320000,1771895661320,No,,
"Road Ranger #319 - Milford, TX",32.1336355,-96.952332,TA Hillsboro|160 STATE HWY 77|HILLSBORO,TA Hillsboro,160 STATE HWY 77,HILLSBORO,TX,76645-7461,32.046337,-97.091458,10.14,2.599,3.049,3.549,3.799,TA-Petro,2542836556,,,2026-02-24T02:10:53.590312+00:00,,Yes,2026-02-24T02:10:53.590347+00:00,
"Road Ranger #319 - Milford, TX",31.6506875,-97.0989245,"Love's Travel Stop in Hillsboro, TX. Store #231|1501 Corsicana Hwy|Hillsboro|RR319","Love's Travel Stop in Hillsboro, TX. Store #231",1501 Corsicana Hwy,Hillsboro,TX,76645,32.00952,-97.093528,11.91,2.599,3.049,3.449,3.749,Love's,(254) 582-2101,,,2026-02-24T02:09:51.464959+00:00,,Yes,2026-02-24T02:09:51.464961+00:00,
"Road Ranger #319 - Milford, TX",32.1336355,-96.952332,TIGER MART #32|101 L R CAMPBELL RD|ITALY,TIGER MART #32,101 L R CAMPBELL RD,ITALY,TX,76651-3780,32.19706,-96.900754,5.38,2.419,3.799,4.499,3.999,EXXONMOBIL,9724837600,True,True,2026-02-24T00:52:11.606000,1771894331606,No,,
"Road Ranger #323 - Canton, TX",32.5820887,-95.8741616,BUC-EES|506 I-20|TERRELL,BUC-EES,506 I-20,TERRELL,TX,,32.71663486,-96.3212819,27.62,,,,,Wex,,,,,,No,,
"Road Ranger #323 - Canton, TX",32.5820887,-95.8741616,CIRCLEK# 2706340|2256 N TRADE DAYS BLVD|CANTON,CIRCLEK# 2706340,2256 N TRADE DAYS BLVD,CANTON,TX,75103-9795,32.576095,-95.855318,1.17,2.529,3.129,3.529,3.199,CIRCLE K,9035675041,,,2026-02-23 18:49:00.0,,Yes,2026-02-24T02:09:14.932197+00:00,2706340
"Road Ranger #323 - Canton, TX",32.5820887,-95.8741616,"Love's Travel Stop in Van, TX. Store #287|1221 S. Oak St|Van","Love's Travel Stop in Van, TX. Store #287",1221 S. Oak St,Van,TX,75790,32.50828,-95.642465,14.43,2.569,3.069,3.419,3.689,Love's,(903) 502-6008,,,2026-02-24T02:10:09.036389+00:00,,Yes,2026-02-24T02:10:09.036401+00:00,
"Road Ranger #323 - Canton, TX",32.5820887,-95.8741616,Valero - 17169|17169 INTERSTATE 20|CANTON,Valero - 17169,17169 INTERSTATE 20,CANTON,TX,75103-3550,32.577919,-95.855664,1.11,2.539,3.199,3.599,3.199,VALERO,9999999999,,,2026-02-24T02:11:26.728536+00:00,,Yes,2026-02-24T02:11:26.728565+00:00,1b292a4a-dfdd-41ba-a337-23142dd8b882
"Road Ranger #323 - Canton, TX",32.5820887,-95.8741616,QUIKTRIP 0993|1619 STATE HIGHWAY 34 S|TERRELL,QUIKTRIP 0993,1619 STATE HIGHWAY 34 S,TERRELL,TX,75160-5408,32.70526,-96.27667,24.84,2.499,2.999,3.399,3.199,QUIKTRIP,8002473452,,,,,Yes,2026-02-24T02:10:41.039179+00:00,
"Road Ranger #323 - Canton, TX",32.5820887,-95.8741616,DUKES|21620 INTERSTATE 20|CANTON,DUKES,21620 INTERSTATE 20,CANTON,TX,75150-1149,32.6006342,-95.9212522,3.02,2.799,3.199,3.603,3.499,SHELL,9728036046,False,True,2026-02-24T00:42:06.314000,1771893726314,No,,
"Road Ranger #323 - Canton, TX",32.5820887,-95.8741616,Pilot|9800 I-20 Frontage Rd|CANTON,Pilot,9800 I-20 Frontage Rd,CANTON,TX,75103,32.5428959,-95.7551831,7.41,,,,3.699,Pilot,,,,2026-02-24T02:08:49.641180+00:00,,Yes,2026-02-24T02:08:49.641191+00:00,883
"Road Ranger #323 - Canton, TX",32.5820887,-95.8741616,TA Terrell|1700 Wilson Road|TERRELL,TA Terrell,1700 Wilson Road,TERRELL,TX,75161,32.6907383,-96.24401692,22.8,2.699,3.149,3.649,3.749,TA-Petro,,,,2026-02-24T02:10:55.548846+00:00,,Yes,2026-02-24T02:10:55.548881+00:00,
